event_id,ticker,date,title,call_time_gmt,timing,mgmt_tone,remarks_tone,answers_tone,analyst_tone,mgmt_pct_negative,tone_change,ret_1d,abn_1d,ret_5d,abn_5d,ret_10d,abn_10d
1,AAPL,2016-01-26,Q1 2016 Apple Inc Earnings Call,22.0,after close,,,,,,,-0.06570649352675828,-0.04392295800446444,-0.05510549894184891,-0.04400142884350178,-0.044850030132209784,0.020590371889904646
0,AAPL,2016-04-26,Q2 2016 Apple Inc Earnings Call,21.0,after close,0.25816116665139605,0.3256322431114379,0.18091841704886535,-0.0416290129241706,0.12218649517684887,,-0.06257785798899995,-0.05743501651803051,-0.08787733960124544,-0.06229378556987586,-0.0992928962292784,-0.08325455443047725
2,AAPL,2016-07-26,Q3 2016 Apple Inc Earnings Call,21.0,after close,,,,,,,0.06496298615994656,0.059139118460872275,0.08079028972632618,0.07537347852951237,0.13167935575136513,0.10909050057287817
3,AAPL,2016-10-25,Q4 2016 Apple Inc Earnings Call,21.0,after close,,,,,,,-0.02249474263392659,-0.016224181515231195,-0.05716710727872343,-0.0325958413499684,-0.055981330620816006,-0.038963942259589435
5,AAPL,2017-01-31,Q1 2017 Apple Inc Earnings Call,22.0,after close,,,,,,,0.06098062140071403,0.056018750554878816,0.08388940908735587,0.07330483235568797,0.11747360740747181,0.0875918515742864
6,AAPL,2017-05-02,Q2 2017 Apple Inc Earnings Call,21.0,after close,,,,,,,-0.003050396934377475,0.0006934794114337173,0.0439293301705701,0.03979180832761231,0.058312854583564055,0.04609046306836806
4,AAPL,2017-08-01,Q3 2017 Apple Inc Earnings Call,21.0,after close,,,,,,,0.047250931970110654,0.04729651451570893,0.06684445491576141,0.06566260814842928,0.08120346488148034,0.0859072928725545
7,AAPL,2017-11-02,Q4 2017 Apple Inc Earnings Call,21.0,after close,,,,,,,0.026113731701625564,0.018742109552369435,0.04621963647749694,0.040991017262956175,0.021444627150881024,0.009776600528392354
8,AAPL,2018-02-01,Q1 2018 Apple Inc Earnings Call,22.0,after close,,,,,,,-0.04339009449217768,-0.023770216686759937,-0.07527712679121523,0.007137069834600163,0.035256257189352214,0.05278024077430854
10,AAPL,2018-05-01,Q2 2018 Apple Inc Earnings Call,21.0,after close,,,,,,,0.04417527640890784,0.048354430234628376,0.10023676027444228,0.08113629282027812,0.10679474958100532,0.07581186123086625
9,AAPL,2018-07-31,Q3 2018 Apple Inc Earnings Call,21.0,after close,,,,,,,0.0589101741741449,0.05428283168698944,0.0883913953118931,0.06077461801181783,0.10613098554944922,0.08017875054459855
11,AAPL,2018-11-01,Q4 2018 Apple Inc Earnings Call,21.0,after close,0.3289121003911221,0.46762100053474126,0.16286640970824953,-0.055327985802608906,0.053156146179401995,,-0.06633066160858525,-0.05596353726625547,-0.05851205870467946,-0.07153587385166427,-0.1356409629640064,-0.1120965911657047
13,AAPL,2019-01-29,Q1 2019 Apple Inc Earnings Call,22.0,after close,,,,,,,0.06833476792494197,0.04631091316922342,0.12606674625108538,0.07288310742487902,0.10953532446614078,0.05456746231812848
12,AAPL,2019-04-30,Q2 2019 Apple Inc Earnings Call,21.0,after close,,,,,,,0.049085607471418324,0.0547369719178209,0.01091353405452189,0.02717345096678825,-0.056228996089236816,-0.011648080667939653
14,AAPL,2019-07-30,Q3 2019 Apple Inc Earnings Call,21.0,after close,,,,,,,0.020404322360359828,0.03227222836783383,-0.05642302089878115,-0.003200749935349134,0.004713091220197585,0.03580598513897082
15,AAPL,2019-10-30,Q4 2019 Apple Inc Earnings Call,21.0,after close,,,,,,,0.022609630668148473,0.024008973675201495,0.05746943269421978,0.044626264963016915,0.09045481361115382,0.06900496306478687
17,AAPL,2020-01-28,Q1 2020 Apple Inc Earnings Call,22.0,after close,,,,,,,0.020932340780152936,0.020341115604692428,0.0036513198822196724,-0.01773993048177025,0.008431200733139299,-0.03140412847225105
16,AAPL,2020-04-30,Q2 2020 Apple Inc Earnings Call,21.0,after close,,,,,,,-0.016099385183560022,0.01591569052251518,0.03383244388293738,0.023695783087211097,0.056425904897291046,0.05033224175480755
18,AAPL,2020-07-30,Q3 2020 Apple Inc Earnings Call,21.0,after close,,,,,,,0.104688587894604,0.0898167714004583,0.18414071841781499,0.13500300588526892,0.19781018929962357,0.15486547755411362
20,AMD,2016-01-19,Q4 2015 Advanced Micro Devices Inc Earnings Call,22.0,after close,0.31718927029832883,0.24111322032287716,0.35809037243566844,0.026828646013099287,0.0979020979020979,,-0.07692307692307687,-0.07574811321544495,0.06153846153846154,0.04127472773563334,0.02051282051282044,0.011578166728940298
19,AMD,2016-04-21,Q1 2016 Advanced Micro Devices Inc Earnings Call,21.0,after close,0.2751833067560756,0.2256097849564288,0.3008448945111869,0.1274398542009294,0.08139534883720931,-0.04200596354225322,0.5229007633587786,0.5309195741090021,0.3778625954198471,0.4062902584098065,0.3969465648854962,0.4432072554108183
21,AMD,2016-07-21,Q2 2016 Advanced Micro Devices Inc Earnings Call,21.0,after close,0.36283550984361423,0.3644542140129488,0.3620311847905287,0.04103027132339775,0.07053941908713693,0.08765220308753863,0.11877394636015337,0.11359839017906892,0.30651340996168597,0.290533575994516,0.23946360153256707,0.221262592489484
22,AMD,2016-10-20,Q3 2016 Advanced Micro Devices Inc Earnings Call,21.0,after close,0.3860423530820968,0.4047893408979117,0.366574327273366,0.15094653484411538,0.08018867924528301,0.023206843238482544,-0.06321839080459779,-0.06618869387972937,0.02155172413793105,0.026485089511321114,-0.03735632183908044,-0.002364740793785791
23,AMD,2017-01-31,Q4 2016 Advanced Micro Devices Inc Earnings Call,22.0,after close,0.3364051066676219,0.2747539969132049,0.3799235370825045,0.09180006943643093,0.1206896551724138,-0.04963724641447487,0.1629701060752171,0.1580082352293819,0.2815814850530376,0.2709969083213697,0.278688524590164,0.2488067687569786
25,AMD,2017-05-01,Q1 2017 Advanced Micro Devices Inc Earnings Call,21.0,after close,0.32099290193073693,0.32198237408672203,0.3204418035147452,0.03671933117959844,0.08130081300813008,-0.015412204736884982,-0.2422907488986783,-0.24290963702976853,-0.262848751835536,-0.26466437627280515,-0.1615271659324522,-0.17105993615140758
24,AMD,2017-07-25,Q2 2017 Advanced Micro Devices Inc Earnings Call,21.0,after close,0.34399005073677513,0.33859334320079576,0.34681967576915346,0.023529721196831728,0.08865248226950355,0.022997148806038203,0.04606661941885193,0.0444166197886644,-0.02834868887313957,-0.020671103656457523,-0.0708717221828491,-0.06436691000423
26,AMD,2017-10-24,Q3 2017 Advanced Micro Devices Inc Earnings Call,21.0,after close,0.4246942449579806,0.4287759763454752,0.42254720706051224,0.030342862559243653,0.056818181818181816,0.08070419422120545,-0.13473684210526315,-0.12950225780585967,-0.2287719298245614,-0.24835836819744506,-0.15438596491228063,-0.1800511010860274
28,AMD,2018-01-30,Q4 2017 Advanced Micro Devices Inc Earnings Call,22.0,after close,0.36236986835967977,0.44267815764600393,0.3102650854298623,0.06466137266789491,0.09025270758122744,-0.06232437659830081,0.06759906759906764,0.06638325883979834,-0.09479409479409473,-0.05607732720075631,-0.08469308469308467,-0.03214715210685426
27,AMD,2018-04-25,Q1 2018 Advanced Micro Devices Inc Earnings Call,21.5,after close,0.3648253119422939,0.4388072774466923,0.3172654769751806,0.07788105267042547,0.05016722408026756,0.002455443582614125,0.13697219361482982,0.12056097073108862,0.12976313079299695,0.11589059058536133,0.2306900102986611,0.1826913823129961
29,AMD,2018-07-25,Q2 2018 Advanced Micro Devices Inc Earnings Call,21.5,after close,0.4471151012125133,0.605377788800979,0.3617599438614306,0.07941918700401272,0.040145985401459854,0.0822897892702194,0.1433022519191436,0.15339524653834813,0.1514019408973173,0.17976091495306945,0.21993777071263354,0.22547342705997764
30,AMD,2018-10-24,Q3 2018 Advanced Micro Devices Inc Earnings Call,21.5,after close,0.3159856520212007,0.38768668317863225,0.2723415460992859,-0.014565961310066856,0.1274131274131274,-0.13112944919131259,-0.15445374486819907,-0.18398780948109916,-0.2009654146131894,-0.2287494451577332,-0.04168499158907457,-0.10672777257694699
32,AMD,2019-01-29,Q4 2018 Advanced Micro Devices Inc Earnings Call,22.5,after close,0.35555246535771284,0.43113021236602905,0.2909765422809869,-0.02315835553324885,0.10921501706484642,0.03956681333651213,0.19948051948051937,0.17745666472480082,0.21090903896103907,0.15772540013483272,0.18545454545454554,0.13048668330653324
31,AMD,2019-04-30,Q1 2019 Advanced Micro Devices Inc Earnings Call,21.5,after close,0.2731616765264781,0.2542107092728838,0.28796711969334865,0.04118836163662565,0.14473684210526316,-0.08239078883123474,-0.029677887429529037,-0.024026522983126464,-0.035106733083848485,-0.018846816171582126,-0.011219652957642157,0.033361262463655006
33,AMD,2019-07-30,Q2 2019 Advanced Micro Devices Inc Earnings Call,21.5,after close,0.2873351570106024,0.24880063121207058,0.3120367761122254,0.027931695280130953,0.12109375,0.014173480484124312,-0.10097425748373956,-0.08910635147626556,-0.1479184572754194,-0.0946961863119874,-0.05196333191506741,-0.020870437996294178
34,AMD,2019-10-29,Q3 2019 Advanced Micro Devices Inc Earnings Call,21.5,after close,0.36391128633912445,0.4009419146091922,0.34529800757903745,0.11914688493946896,0.05985915492957746,0.07657612932852204,0.003027611354151194,-0.0002503097488850692,0.0944596758843379,0.07539081678263582,0.11141386955537014,0.08613369111978786
36,AMD,2020-01-28,Q4 2019 Advanced Micro Devices Inc Earnings Call,22.5,after close,0.3758232160091585,0.49323437000230813,0.30722344064237445,0.04385359753009484,0.0851063829787234,0.011911929670034072,-0.0597664963341874,-0.06035772150964791,-0.02137340236242624,-0.042764652726416164,0.06471403254925856,0.024878703343868214
35,AMD,2020-04-28,Q1 2020 Advanced Micro Devices Inc Earnings Call,21.5,after close,0.2999072930494246,0.40648813778995585,0.24234223786870984,0.042284427242803166,0.10069444444444445,-0.07591592295973393,-0.03332729358051867,-0.0689905259628012,-0.059809027555720706,-0.08320539768200297,-0.03152585233384442,-0.07739384708831643
37,AMD,2020-07-28,Q2 2020 Advanced Micro Devices Inc Earnings Call,21.0,after close,0.40424795949800035,0.4853058764514954,0.3657454489450902,0.13496054781621303,0.07796610169491526,0.10434066644857576,0.12542515714502067,0.1118845525057286,0.2578020964679473,0.2059778874787368,0.1371098337951513,0.10050848976622917
39,AMZN,2016-01-28,Q4 2015 Amazon.com Inc Earnings Call,22.0,after close,0.32210923130473784,0.3253125685191345,0.3206818375200844,0.0363571539501402,0.08243727598566308,,-0.07609975261886215,-0.09990220027673213,-0.1559612335611389,-0.15660025893847473,-0.2070197119201591,-0.15380086287086292
38,AMZN,2016-04-28,Q1 2016 Amazon.com Inc Earnings Call,21.0,after close,0.2929920872931434,0.32630587206222117,0.28378339882039016,0.04197811740342268,0.044585987261146494,-0.02911714401159443,0.0956644966777409,0.10189308553649568,0.09483393189368772,0.11318874383722555,0.19257473920265777,0.20671747781956407
40,AMZN,2016-07-28,Q2 2016 Amazon.com Inc Earnings Call,21.5,after close,0.3864158890523317,0.36846105477095326,0.3908293678701007,0.0676460796493595,0.026905829596412557,0.0934238017591883,0.008238015869534099,0.006851026389897097,0.0108423156251376,0.008656076290799897,0.024753863716012292,0.010511340508385869
41,AMZN,2016-10-27,Q3 2016 Amazon.com Inc Earnings Call,21.5,after close,0.2881761125718745,-0.05081409003053393,0.3143963492372541,0.02561871045390549,0.02564102564102564,-0.09823977648045723,-0.0513710088109941,-0.046411218794248366,-0.06272295437319075,-0.03251571535428455,-0.09284420229808776,-0.09146949927938952
43,AMZN,2017-02-02,Q4 2016 Amazon.com Inc Earnings Call,22.5,after close,0.2862739051165788,-0.04080547299236059,0.32320222199984616,0.05890720956168085,0.028985507246376812,-0.0019022074552956791,-0.035418774421066335,-0.040842610328654994,-0.022132301606538896,-0.03614528522448501,0.004988395666574386,-0.026717310450558918
42,AMZN,2017-04-27,Q1 2017 Amazon.com Inc Earnings Call,21.5,after close,0.2888370136970119,0.061196515802294016,0.3166597412174775,0.10553825233752528,0.039603960396039604,0.0025631085804331266,0.007197440018307022,0.00741732614926105,0.02085196094834396,0.016487575906088736,0.031838661382877165,0.020759030794096578
44,AMZN,2017-07-27,Q2 2017 Amazon.com Inc Earnings Call,21.5,after close,0.33839684408546117,-0.04590983342911516,0.3797837170485694,0.11437429007227448,0.034722222222222224,0.049559830388449244,-0.0248183766730401,-0.023641701414324312,-0.05648185181644361,-0.04992452629230815,-0.08516254015296365,-0.05925923336825589
45,AMZN,2017-10-26,Q3 2017 Amazon.com Inc Earnings Call,21.5,after close,0.30164418546106087,-0.047787905271564214,0.33241179093437373,0.08720527349555111,0.017341040462427744,-0.0367526586244003,0.13216371247816916,0.11012698623044881,0.12524292635634504,0.10111978027717239,0.16114271785938228,0.13166482182056405
47,AMZN,2018-02-01,Q4 2017 Amazon.com Inc Earnings Call,22.5,after close,0.3086899931293205,-0.030394784226599667,0.3456810597499663,0.07771335019626552,0.06557377049180328,0.007045807668259629,0.02874097194244607,0.04836084974786381,-0.028417266187050316,0.05399693043876508,0.05162590647482013,0.06914989005977645
46,AMZN,2018-04-26,Q1 2018 Amazon.com Inc Earnings Call,21.5,after close,0.3482388449238097,-0.05008721983592425,0.3849267719411536,0.02684508044017004,0.03614457831325301,0.03954885179448919,0.03600887731188318,0.03585159689299666,0.03565311101114088,0.03994186584282022,0.06002793047319388,0.019811200416237185
48,AMZN,2018-07-26,Q2 2018 Amazon.com Inc Earnings Call,21.5,after close,0.28799056060631406,-0.0524864926535104,0.3144721091931893,0.1536535258204037,0.041237113402061855,-0.060248284317495626,0.005127223451327323,0.019742305050035602,0.014563028761061858,0.02086576684025998,0.050066382743362725,0.04502324719216455
49,AMZN,2018-10-25,Q3 2018 Amazon.com Inc Earnings Call,21.5,after close,0.24411391558006723,-0.05622784001752734,0.26827934419136795,0.05148945661261678,0.0851063829787234,-0.04387664502624683,-0.07819679467129459,-0.05754595223687209,-0.06544830859024353,-0.08126066733098636,-0.015295964653752159,-0.04433807577875715
51,AMZN,2019-01-31,Q4 2018 Amazon.com Inc Earnings Call,22.5,after close,0.3357159401869488,-0.05566100337143455,0.3703949098693372,0.05379186241099468,0.05232558139534884,0.09160202460688155,-0.0538188086996656,-0.051364708934260594,-0.060719243985026705,-0.06162697534972683,-0.055901716452284145,-0.07584337275059383
50,AMZN,2019-04-25,Q1 2019 Amazon.com Inc Earnings Call,21.5,after close,0.23189315913138367,-0.045148837978818586,0.2536829791288153,-0.012139365427951881,0.08854166666666667,-0.10382278105556511,0.02543304244973066,0.02201872812781125,-0.0007517697463529371,0.009337327770031378,-0.001251152582468107,0.02437990166390369
52,AMZN,2019-07-25,Q2 2019 Amazon.com Inc Earnings Call,21.5,after close,0.35171124765551404,-0.04776590350749237,0.38348783922529867,0.009118913950279672,0.04736842105263158,0.11981808852413037,-0.015589009049359448,-0.0267159710554975,-0.060035871174644595,-0.04456954808865943,-0.07139958803516933,-0.047198712387765074
53,AMZN,2019-10-24,Q3 2019 Amazon.com Inc Earnings Call,21.5,after close,0.25636621302244467,-0.047774985166532655,0.2863519649565692,0.016477422051442165,0.08333333333333333,-0.09534503463306937,-0.010922220983645148,-0.017924629222970556,-0.0023135900745212545,-0.015331321944156207,0.004166669593754779,-0.026217621730848517
55,AMZN,2020-01-30,Q4 2019 Amazon.com Inc Earnings Call,22.5,after close,0.3033820427409274,-0.053814609734607596,0.33212200328493596,0.04953492788115033,0.06382978723404255,0.04701582971848273,0.07379130210151907,0.08970595711724372,0.09598109821937517,0.06659914651448351,0.14924522363031523,0.1048272042605145
54,AMZN,2020-04-30,Q1 2020 Amazon.com Inc Earnings Call,21.5,after close,0.17679052368341083,0.1785771882813424,0.17625237169608204,0.0267255311441976,0.09722222222222222,-0.12659151905751656,-0.07597411519805986,-0.04395903949198465,-0.043003190379951484,-0.053139851175677766,-0.034417907033144735,-0.04051157017562823
56,AMZN,2020-07-30,Q2 2020 Amazon.com Inc Earnings Call,21.5,after close,0.30691346384499174,0.36476526474719173,0.28437816930750687,0.059623023143245114,0.08786610878661087,0.1301229401615809,0.03696084162038438,0.02208902512623867,0.056725730905838434,0.007588018373292371,0.03576160962557773,-0.007183102119932228
58,ASML,2016-01-20,Q4 2015 ASML Holding NV Earnings Call,14.0,during market,0.20665816774488996,0.3894961400305381,0.13921127130173974,0.04290035860154961,0.02922077922077922,,0.061503941143920215,0.06267890485155214,0.12288357268753836,0.10261983888471016,0.10196720761770495,0.0930325538338248
57,ASML,2016-04-20,Q1 2016 ASML Holding NV Earnings Call,13.0,before open,0.20881095150899556,0.30107706505339593,0.16197536087732026,0.10035908699501306,0.037037037037037035,0.0021527837641056036,-0.033283200684792735,-0.03486200308804377,-0.033483645429354225,-0.022947852845010996,-0.04218076240061075,-0.006330958803742681
59,ASML,2016-07-20,Q2 2016 ASML Holding NV Earnings Call,13.0,before open,0.22003383318808944,0.3747696984175812,0.15080989348015894,0.0433536468539387,0.04363636363636364,0.011222881679093882,0.02395162746226087,0.013316972392092286,0.02972647559573227,0.015096953481919195,0.03550139268343777,0.015375814013620648
60,ASML,2016-10-19,Q3 2016 ASML Holding NV Earnings Call,13.0,before open,0.19701391687892653,0.3154057469332545,0.1518598235558805,0.08609358832472935,0.050505050505050504,-0.02301991630916292,0.017199143290581365,0.016708984918765157,0.02159678855885616,0.014052687446526324,0.015244648969962915,0.032457181901012544
62,ASML,2017-01-18,Q4 2016 ASML Holding NV Earnings Call,14.0,during market,0.22624679342516174,0.3504960215699005,0.15169725653831848,0.050988437755533106,0.0703125,0.029232876546235215,0.06090930714769005,0.05785446929477134,0.057285838797405786,0.04605041457114667,0.0473642892422943,0.033631888624346074
61,ASML,2017-04-19,Q1 2017 ASML Holding NV Earnings Call,13.0,before open,0.20477392347283638,0.38149820947243523,0.12281483431360211,0.11533460906187518,0.0627062706270627,-0.021472869952325363,-0.02877917131528862,-0.03109725645832062,0.02747807220036469,-0.0026135450795430337,0.04347666387957738,0.0014386855735368798
63,ASML,2017-07-19,Q2 2017 ASML Holding NV Earnings Call,13.0,before open,0.2436330254468782,0.48375501903714707,0.13936952823005094,0.033967372277222664,0.039755351681957186,0.038859101974041826,0.051518171803232704,0.045098249129021495,0.06617802363867353,0.05548184669131051,0.05354263965697048,0.05060616873629553
64,ASML,2017-10-18,Q3 2017 ASML Holding NV Earnings Call,13.0,before open,0.24059330530981451,0.4518875070295275,0.17070368474098638,0.04700430786127553,0.03757225433526012,-0.0030397201370636895,-0.026142618542168483,-0.026227172850030067,0.011852158784937616,0.015661228001320304,0.025008522213303408,0.00930575915626708
66,ASML,2018-01-17,Q4 2017 ASML Holding NV Earnings Call,14.0,during market,0.24055398255734453,0.4681761185414731,0.1283610814087693,0.09364252472396499,0.06349206349206349,-3.932275246998351e-05,0.06867684835603294,0.05835112222309835,0.10221049862566156,0.06945714127886937,0.07431051999818439,0.04956000600045174
65,ASML,2018-04-18,Q1 2018 ASML Holding NV Earnings Call,13.0,before open,0.24573579270794405,0.4170535734987685,0.16007690231253183,0.107106198997874,0.0392156862745098,0.005181810150599514,-0.029995291617665565,-0.031937324526110755,-0.08768226817051428,-0.05008492761545247,-0.09198088856842523,-0.07132468264134117
67,ASML,2018-07-18,Q2 2018 ASML Holding NV Earnings Call,13.0,before open,0.2952497602244349,0.44235691582502495,0.23721666214346818,0.1675025064555206,0.023026315789473683,0.04951396751649084,0.06636002241160566,0.06644661255788853,0.04580598827758742,0.047632834562082005,0.04727414356841719,0.07061307095200209
68,ASML,2018-10-17,Q3 2018 ASML Holding NV Earnings Call,13.0,before open,0.23798588609126262,0.44784337950129344,0.15928932606250107,0.10873938687419628,0.05278592375366569,-0.05726387413317227,0.018104769320702152,0.018469695429376265,-0.048261028453885024,-0.021061962254672384,-0.0714285397163914,-0.008144130582189657
70,ASML,2019-01-23,Q4 2018 ASML Holding NV Earnings Call,14.0,during market,0.1967358007080781,0.27003331004676445,0.15774008145399868,0.01797055897600565,0.10932475884244373,-0.041250085383184504,0.016426189518699452,0.015655551388236377,0.09473351447585587,0.09360391768099707,0.13862048833389196,0.0842471766448698
69,ASML,2019-04-17,Q1 2019 ASML Holding NV Earnings Call,13.0,before open,0.18839712174164144,0.3037766720268077,0.14697882163927406,0.09787448272646333,0.06289308176100629,-0.008338678966436669,-0.0012768968527112623,-0.0007581740146960225,0.00879087909468046,-0.003931228426533595,0.025469280645696202,0.019293188567903075
71,ASML,2019-07-17,Q2 2019 ASML Holding NV Earnings Call,13.0,before open,0.1672984264944304,0.2710136895341908,0.1301009692860775,0.04485426685943078,0.06521739130434782,-0.02109869524721103,0.06180481924758796,0.06637623590510455,0.12297557491503874,0.11949736959832813,0.11385367445972672,0.10767444740751242
72,ASML,2019-10-16,Q3 2019 ASML Holding NV Earnings Call,13.0,before open,0.1945628099648918,0.2866550345883466,0.1618358210491186,0.04176036833274749,0.054878048780487805,0.027264383470461395,-0.048852544618921634,-0.04584227856240475,-0.04578761734321912,-0.04033765578948256,-0.01098911041373618,-0.026714255696030142
74,ASML,2020-01-22,Q4 2019 ASML Holding NV Earnings Call,14.0,during market,0.26741354710233795,0.3763483260492129,0.22710288000305384,0.13422830284644777,0.06752411575562701,0.07285073713744614,-0.007205066455501785,-0.008588080474001392,-0.02754692367903111,-0.016754912461157345,0.0027815606412544547,-0.007586823890969097
73,ASML,2020-04-15,Q1 2020 ASML Holding NV Earnings Call,13.0,before open,0.11350214589028751,0.21977014313810148,0.03962599807095161,0.024965672790036572,0.12933753943217666,-0.15391140121205044,-0.022289159591673435,-0.00789692325845781,-0.027134614246386746,0.0025175073615303356,0.01372521685542294,0.002922840024725426
75,ASML,2020-07-15,Q2 2020 ASML Holding NV Earnings Call,13.0,before open,0.30748989097458324,0.49257292184207974,0.1875478151051442,0.04722583281267204,0.030508474576271188,0.19398774508429573,-0.05392736108927165,-0.059829986186243245,-0.03278477037069283,-0.051069444995265,-0.051583808357708705,-0.04333767462399052
77,CSCO,2016-02-10,Q2 2016 Cisco Systems Inc Earnings Call,21.5,after close,0.3060055955917638,0.3407192125371894,0.2859261504958804,0.13296955072372738,0.052795031055900624,,0.09640134881764517,0.10031162048463538,0.17414464180810385,0.12653266157015652,0.18169699662908445,0.11198669245085835
78,CSCO,2016-05-18,Q3 2016 Cisco Systems Inc Earnings Call,20.5,after close,0.315323046738071,0.4666122021597056,0.24074388561472995,0.08694321682749244,0.07232704402515723,0.009317451146307165,0.03181133196579755,0.03742214818136824,0.0823352801667494,0.049466305303414115,0.08832340644297898,0.03931858270641286
76,CSCO,2016-08-17,Q4 2016 Cisco Systems Inc Earnings Call,20.5,after close,0.33979242945650034,0.4624962677074553,0.23897207828214878,0.01682055197460087,0.06293706293706294,0.024469382718429356,-0.007812425017183822,-0.01000988013134263,0.01106774053749171,0.013165833485340284,0.023437570368489036,0.02639051443816276
79,CSCO,2016-11-16,Q1 2017 Cisco Systems Inc Earnings Call,21.5,after close,0.2647028545085341,0.34135031355101436,0.20919952209846213,-0.038839408276795315,0.1,-0.07508957494796625,-0.048147002037324804,-0.055586711404206235,-0.05891672148958338,-0.07517865288576009,-0.06715234320141084,-0.058942019746180185
81,CSCO,2017-02-15,Q2 2017 Cisco Systems Inc Earnings Call,21.5,after close,0.28953560512099,0.37563758851899726,0.21749108840020842,0.09826086191734408,0.08888888888888889,0.024832750612455934,0.02376604212345379,0.024546192626943575,0.03717212840426343,0.03441072435801096,0.047836490027049594,0.040657057912690364
82,CSCO,2017-05-17,Q3 2017 Cisco Systems Inc Earnings Call,20.5,after close,0.23549020147840613,0.38523479658660703,0.1468658492715117,0.051027060328525005,0.10256410256410256,-0.054045403642583895,-0.07214651026389507,-0.07944777377882783,-0.06889389956034642,-0.0941432291648302,-0.05913632895562604,-0.09832788258335945
80,CSCO,2017-08-16,Q4 2017 Cisco Systems Inc Earnings Call,20.5,after close,0.26637399880059376,0.3973507776756638,0.17185467383920303,0.0033139471548149385,0.12275449101796407,0.03088379732218763,-0.0401978012041001,-0.020781319904318418,-0.0439085211765724,-0.033396535026585794,-0.010822540951612614,-0.014478930911901
83,CSCO,2017-11-15,Q1 2018 Cisco Systems Inc Earnings Call,21.5,after close,0.32007464850604705,0.3428307410059987,0.3026639468617887,0.08423321606083349,0.06463878326996197,0.053700649705453296,0.05189077500905781,0.03890578370899189,0.0686015286827868,0.04457157690120406,0.09352077147948701,0.0685051136078112
85,CSCO,2018-02-14,Q2 2018 Cisco Systems Inc Earnings Call,21.5,after close,0.36544863258038035,0.4835508441181569,0.2913206487428397,0.13511007599946526,0.0457516339869281,0.045373984074333296,0.04727955877041823,0.031487837324936985,0.020194750763535385,0.010889982885156968,0.04062707116382214,0.03545603163554545
86,CSCO,2018-05-16,Q3 2018 Cisco Systems Inc Earnings Call,20.5,after close,0.3460583652412852,0.46338021328991597,0.27787655826014374,0.04911999555157596,0.059602649006622516,-0.019390267339095157,-0.037643925071002116,-0.03550429969527713,-0.03277235634721731,-0.03651107425931199,-0.05425161567575454,-0.06017464031046671
84,CSCO,2018-08-15,Q4 2018 Cisco Systems Inc Earnings Call,20.5,after close,0.33307442699276063,0.49015415468047024,0.23414440618944354,-0.014728966871133217,0.05309734513274336,-0.012983938248524562,0.029639656137113723,0.025471994393741815,0.0485634844166114,0.03377338865406099,0.08253522073937258,0.03937022985298344
87,CSCO,2018-11-14,Q1 2019 Cisco Systems Inc Earnings Call,21.5,after close,0.3557379444147824,0.5027219871417261,0.2730196519710478,0.09692044649273157,0.019390581717451522,0.022663517422021773,0.05504182552171066,0.03785671573291838,0.012632622219031164,0.03563306555928292,0.06789981844345383,0.04874588509957678
89,CSCO,2019-02-13,Q2 2019 Cisco Systems Inc Earnings Call,21.5,after close,0.3129625037632452,0.45501741662670947,0.22427628744517078,0.14660971154886726,0.047619047619047616,-0.04277544065153721,0.018947257829911468,0.018061816369555395,0.04021049392176246,0.034910215685320045,0.0898947378479007,0.07478096958154357
90,CSCO,2019-05-15,Q3 2019 Cisco Systems Inc Earnings Call,20.5,after close,0.26198633597451365,0.4781898690832292,0.14660848897899717,0.04861752423117074,0.0438871473354232,-0.05097616778873154,0.06655231450081023,0.05684911219058697,0.06197564507736297,0.0710920720051782,0.021548448045570323,0.05407527125755529
88,CSCO,2019-08-14,Q4 2019 Cisco Systems Inc Earnings Call,20.5,after close,0.2787124983646406,0.4778607431365082,0.1451926524380476,-0.023022412543038006,0.09183673469387756,0.016726162390126975,-0.08614898484164302,-0.0852074000010663,-0.03635646879191223,-0.06803538860208014,-0.07389842315462514,-0.08456739443938788
91,CSCO,2019-11-13,Q1 2020 Cisco Systems Inc Earnings Call,21.5,after close,0.24851283726029044,0.40030462867621563,0.14063565216595367,-0.12677730569689005,0.10294117647058823,-0.030199661104350184,-0.07325625787521162,-0.07289313103846329,-0.06974816221534164,-0.07500993253841626,-0.06644642387960109,-0.09274652518509596
93,CSCO,2020-02-12,Q2 2020 Cisco Systems Inc Earnings Call,21.5,after close,0.23505925529187532,0.31723882114551594,0.18816583070872447,-0.0047614069119321575,0.1223021582733813,-0.013453581968415118,-0.05227323202511802,-0.05083478954169218,-0.06168645703273756,-0.06425790150714272,-0.19807732196052164,-0.07886240675941225
94,CSCO,2020-05-13,Q3 2020 Cisco Systems Inc Earnings Call,20.5,after close,0.2509325118581147,0.3141312663503688,0.20541631043623226,-0.16295920078021783,0.09939759036144578,0.01587325656623939,0.045291946177470566,0.03620379761337045,0.08319419258853777,0.025358186338944266,0.08700831798012043,0.029938407727755356
92,CSCO,2020-08-12,Q4 2020 Cisco Systems Inc Earnings Call,20.5,after close,0.2723091356267694,0.29620748066354724,0.24734525928261933,0.04542418692967501,0.1059190031152648,0.02137662376865468,-0.11185025413098759,-0.11459808430513996,-0.1295218141173311,-0.14171004504473128,-0.12162158509861054,-0.18090283234060556
96,GOOGL,2016-02-01,Q4 2015 Alphabet Inc Earnings Call,21.5,after close,0.3573487157733469,0.3138609847148666,0.4341317409234762,0.11546880672020572,0.0480225988700565,,0.013155614173991914,0.035539085493633826,-0.08642013216860722,-0.013564471588201732,-0.0689310736294596,-0.029018652907688902
95,GOOGL,2016-04-21,Q1 2016 Alphabet Inc Earnings Call,20.5,after close,0.31488387108676963,0.3172296143968963,0.3120488316260644,0.06748616438584798,0.06666666666666667,-0.0424648446865773,-0.054140999999999995,-0.0461221892497764,-0.09607692564102566,-0.0676492626510663,-0.08370509999999998,-0.037444409474677864
97,GOOGL,2016-07-28,Q2 2016 Alphabet Inc Earnings Call,20.5,after close,0.3256502563687595,0.337316236737284,0.3077517659403384,0.10523750259766751,0.032432432432432434,0.010766385281989865,0.033296770997841785,0.03190978151820478,0.04101375207958413,0.03882751274524643,0.05531179294184385,0.04106926973421743
98,GOOGL,2016-10-27,Q3 2016 Alphabet Inc Earnings Call,20.5,after close,0.3773780762935,0.40269550170217244,0.33154480615711035,0.09872177431437497,0.024539877300613498,0.051727819924740515,0.002703887031128893,0.0076636770478746286,-0.04301703680480673,-0.012809797785900523,-0.045341651787116355,-0.04396694876841811
100,GOOGL,2017-01-26,Q4 2016 Alphabet Inc Earnings Call,21.5,after close,0.36960405833461385,0.4179205813672808,0.2966428658356203,0.13225950793652186,0.016042780748663103,-0.007774017958886159,-0.013944259234620504,-0.014934432637717987,-0.04518188394552691,-0.04182567239977486,-0.031412614796438976,-0.042022356331223976
99,GOOGL,2017-04-27,Q1 2017 Alphabet Inc Earnings Call,20.5,after close,0.36298451874283466,0.40356688091115467,0.31944302599974134,0.10129433473460932,0.017587939698492462,-0.006619539591779189,0.037108518717785755,0.03732840484873978,0.07098623447234531,0.06662184943009009,0.07229876700103466,0.06121913641225407
101,GOOGL,2017-07-24,Q2 2017 Alphabet Inc Earnings Call,21.0,after close,0.37071288861914675,0.3749604051071095,0.36541765139748655,0.15189267751969854,0.02967359050445104,0.007728369876312091,-0.029329535974455867,-0.029541656281793616,-0.05289939808856847,-0.043120611722562985,-0.05264897487283304,-0.04843109308392568
102,GOOGL,2017-10-26,Q3 2017 Alphabet Inc Earnings Call,20.5,after close,0.3833520417356838,0.4228733966152209,0.34273287144282627,0.09672928273515857,0.0136986301369863,0.012639153116537072,0.04261570446880936,0.020578978221089006,0.05199611555539918,0.027872969476226528,0.0567872233416542,0.027309327302835973
104,GOOGL,2018-02-01,Q4 2017 Alphabet Inc Earnings Call,21.5,after close,0.38556189701441634,0.4578513872814436,0.3060030725305931,0.11513263789186282,0.02127659574468085,0.00220985527873252,-0.05280174747184674,-0.033181869666429,-0.14715760035491032,-0.06474340372909493,-0.07636319162852467,-0.05883920804356835
103,GOOGL,2018-04-23,Q1 2018 Alphabet Inc Earnings Call,20.5,after close,0.3929685176408384,0.43142326411191395,0.3473482904608668,0.10761819637264125,0.02556818181818182,0.007406620626422056,-0.047652788843915994,-0.03064383921381708,-0.051433716360818615,-0.042690053209130885,-0.013363720966968362,-0.03252735213184832
105,GOOGL,2018-07-23,Q2 2018 Alphabet Inc Earnings Call,20.5,after close,0.37150691475119463,0.3965773076064364,0.3477156235722407,0.10782978911805204,0.034031413612565446,-0.02146160288964377,0.03893478447564003,0.03907506950760142,0.01572257555739065,0.042740380473681894,0.022023157720891806,0.019752008271299415
106,GOOGL,2018-10-25,Q3 2018 Alphabet Inc Earnings Call,20.5,after close,0.33830725791661426,0.36858659970491187,0.30864903083166634,0.06729323298478608,0.031088082901554404,-0.03319965683458037,-0.017977660735635892,0.0026731816987866086,-0.01595700082688134,-0.03176935956762417,-0.00811892213235288,-0.03716103325735787
108,GOOGL,2019-02-04,Q4 2018 Alphabet Inc Earnings Call,21.5,after close,0.4118418681097614,0.4279506589931947,0.392635232825668,0.038509681594331525,0.03508771929824561,0.07353461019314717,0.009155219460996289,0.0017323216325384472,-0.034430838328610935,-0.029035816758181343,-0.013062705599377056,-0.03201190223675243
107,GOOGL,2019-04-29,Q1 2019 Alphabet Inc Earnings Call,20.5,after close,0.31450790984128585,0.3551133581251995,0.26269050941927663,0.05721389114490298,0.06229508196721312,-0.09733395826847557,-0.07501928226812593,-0.06687652539290656,-0.07926245477847582,-0.07453802851028835,-0.12313685467806346,-0.0600592347979636
109,GOOGL,2019-07-25,Q2 2019 Alphabet Inc Earnings Call,20.5,after close,0.3435268195460745,0.38528106803879947,0.2964259904536714,0.1377690552153449,0.03151862464183381,0.029018909704788654,0.09620229561062676,0.08507533360448871,0.06676417058919126,0.08223049367517643,0.06184305830302694,0.0860439339504312
110,GOOGL,2019-10-28,Q3 2019 Alphabet Inc Earnings Call,21.0,after close,0.35004784116562737,0.36020138429356574,0.33837472015459624,0.08017054313261594,0.04746835443037975,0.006521021619552869,-0.02197081912785026,-0.016068743384435424,0.0004887624398945967,-0.012387779327136972,0.007215045341510962,-0.009394395111022691
112,GOOGL,2020-02-03,Q4 2019 Alphabet Inc Earnings Call,22.0,after close,0.3972252888336228,0.41882179110617823,0.367335729688406,0.06229953360008566,0.03691275167785235,0.04717744766799542,-0.025084272630529147,-0.046065717170423515,0.01757726859696107,-0.020703107751775418,0.024848216374178778,-0.024684837697960704
111,GOOGL,2020-04-28,Q1 2020 Alphabet Inc Earnings Call,20.5,after close,0.2410573708696355,0.24790962156154872,0.23413727611146573,0.12003949923633501,0.10344827586206896,-0.1561679179639873,0.0889104171078412,0.05324718472555867,0.09445968019506013,0.07106331006877786,0.11568331069798754,0.06981531594351553
113,GOOGL,2020-07-30,Q2 2020 Alphabet Inc Earnings Call,20.5,after close,0.28041349195674464,0.27066432852801436,0.2925181579588594,0.08105916411538298,0.08682634730538923,0.03935612108710915,-0.03277497881775826,-0.04764679531190397,-0.021724321267719393,-0.07086203380026546,-0.01411882126575148,-0.057063533011261436
115,INTC,2016-01-14,Q4 2015 Intel Corp Earnings Call,22.0,after close,0.18948146154026002,0.35038027176431014,0.11546800883719698,0.07085182658204484,0.1095890410958904,,-0.09102028487918479,-0.06359231564841561,-0.08582771598768868,-0.08066632400502338,-0.052535191931362135,-0.05230771522497002
114,INTC,2016-04-19,Q1 2016 Intel Corp Earnings Call,21.0,after close,0.19386463892969588,0.19718394611174098,0.19236373481259722,0.005859665417422851,0.11976047904191617,0.0043831773894358605,0.012658070021043688,0.011079267617792654,-0.006329141881986522,0.004206650702356707,-0.03924042317680132,-0.0033906195799332517
116,INTC,2016-07-20,Q2 2016 Intel Corp Earnings Call,21.5,after close,0.22838799500354404,0.3702177696918346,0.17071447666556694,0.13927271244181103,0.11504424778761062,0.034523356073848155,-0.03978714760072921,-0.03663773818926308,-0.024096622525784372,-0.03389634104357353,-0.03307317081102967,-0.046788498052485306
117,INTC,2016-10-18,Q3 2016 Intel Corp Earnings Call,21.0,after close,0.2474975872430688,0.45859431144650853,0.15641956510690733,0.08044321520837268,0.08732394366197183,0.01910959223952477,-0.059337758697774245,-0.05982791706959045,-0.07019864844725665,-0.07774274955958649,-0.08556283609353033,-0.0683503031624807
119,INTC,2017-01-26,Q4 2016 Intel Corp Earnings Call,22.0,after close,0.27542047671477,0.3760222656344394,0.2257207881648138,-0.0031638222976357907,0.104,0.027922889471701184,0.011182311780882248,0.010192138377784765,-0.02342908715251757,-0.020072875606765517,-0.04917073667594851,-0.05978047821073351
118,INTC,2017-04-27,Q1 2017 Intel Corp Earnings Call,21.0,after close,0.3488438534961246,0.4776084409522203,0.24718760024131226,0.03936313005307546,0.10294117647058823,0.07342337678135463,-0.03419739466363614,-0.03397750853268211,-0.008171852230318799,-0.012536237272574025,-0.03939371934819069,-0.05047334993697128
120,INTC,2017-07-27,Q2 2017 Intel Corp Earnings Call,21.0,after close,0.3652547709262845,0.4712970806111116,0.26545024416409435,0.11469739792642719,0.09393939393939393,0.016410917430159877,0.009722586065306515,0.010899261324022302,0.05129887462623994,0.0578562001503754,0.04121508081086156,0.06711838759556932
121,INTC,2017-10-26,Q3 2017 Intel Corp Earnings Call,21.0,after close,0.35587811085502474,0.4983992884949069,0.22631340390967733,0.15342926541491161,0.06442577030812324,-0.009376660071259757,0.07376054889974526,0.05172382265202491,0.1390568803847234,0.11493373430555076,0.12634541766767815,0.09686752162885992
123,INTC,2018-01-25,Q4 2017 Intel Corp Earnings Call,22.0,after close,0.4100530508870615,0.5225770255142634,0.2680015084498846,-0.018336064308502917,0.06896551724137931,0.05417494003203677,0.1055187521687142,0.0927528879843591,0.0518763378825855,0.055290147929520916,-0.04988896207321836,0.03565769818708109
122,INTC,2018-04-26,Q1 2018 Intel Corp Earnings Call,21.0,after close,0.37980093054656433,0.5880127883492372,0.20884803677173822,-0.04763394769769712,0.06647398843930635,-0.03025212034049718,-0.006032196159930003,-0.006189476578816522,-0.014514678014380555,-0.010225923182701213,0.04236202720927662,0.002145297152319925
124,INTC,2018-07-26,Q2 2018 Intel Corp Earnings Call,21.0,after close,0.5514779271405529,0.6234141687856062,0.4735469986917451,0.04001519617370584,0.04363636363636364,0.17167699659398855,-0.08588958694398341,-0.07127450534527513,-0.051380289709169746,-0.045077551629971624,-0.032880975063888984,-0.03792411061508716
125,INTC,2018-10-25,Q3 2018 Intel Corp Earnings Call,21.0,after close,0.4483110111414074,0.5892468201229348,0.28838385201343303,0.05675533443157162,0.07973421926910298,-0.10316691599914546,0.031144181125653647,0.05179502356007615,0.08824183073375735,0.07242947199301453,0.1125772498949762,0.0835351387699712
127,INTC,2019-01-24,Q4 2018 Intel Corp Earnings Call,22.0,after close,0.3480364504375358,0.43083965860262335,0.25819767556561074,-0.05973699563057036,0.12852664576802508,-0.10027456070387164,-0.05466222665339615,-0.06758375338910116,-0.05305457204626274,-0.08249988935184827,-0.004380046698898021,-0.034759823807245405
126,INTC,2019-04-25,Q1 2019 Intel Corp Earnings Call,21.0,after close,0.12267706619028597,0.1088013602803423,0.13914741629477195,-0.03238216568918332,0.2379182156133829,-0.22535938424724983,-0.08991493225184677,-0.09332924657376618,-0.1225482254974728,-0.11245912798108848,-0.18580958119588298,-0.16017852694951118
128,INTC,2019-07-25,Q2 2019 Intel Corp Earnings Call,21.0,after close,0.3048862531543092,0.35162082656815247,0.23516128475462356,-0.07497280080699259,0.1553398058252427,0.18220918696402322,-0.01092793062001951,-0.022054892626157563,-0.05099695690304207,-0.0355306338170569,-0.0895614264786776,-0.06536055083127335
129,INTC,2019-10-24,Q3 2019 Intel Corp Earnings Call,21.0,after close,0.3455369556978995,0.40500798993315057,0.28362190635709017,0.1153678489090116,0.11409395973154363,0.04065070254359032,0.08098792102295005,0.07398551278362464,0.08232810999155338,0.06931037812191843,0.11754706948544857,0.08716277816084528
131,INTC,2020-01-23,Q4 2019 Intel Corp Earnings Call,22.0,after close,0.41252756021761644,0.5403502710699809,0.26905308885271756,-0.004769374006851153,0.07692307692307693,0.06699060451971695,0.08133290320863873,0.09064643630117952,0.049747340306726784,0.060760474696253786,0.06475663214421057,0.04671140221159842
130,INTC,2020-04-23,Q1 2020 Intel Corp Earnings Call,21.0,after close,0.4184485540495484,0.4151922100481678,0.4222552660511623,-0.038449300056392396,0.08116883116883117,0.005920993831931953,0.003726363922284648,-0.012727272853370941,0.015921449902370544,-0.030554291585018767,0.007863086955522514,-0.04922042415428063
132,INTC,2020-07-23,Q2 2020 Intel Corp Earnings Call,21.0,after close,0.3234465059866919,0.35959220657493046,0.27544975602526034,-0.0698941777756607,0.13732394366197184,-0.0950020480628565,-0.16241725369917115,-0.15302653669015376,-0.20546357405879045,-0.21754507436585757,-0.1903996230465974,-0.2522124931752612
134,MSFT,2016-01-28,Q2 2016 Microsoft Corp Earnings Call,22.5,after close,0.2891509991707643,0.333949476480484,0.2226758392918254,0.2100453706405742,0.09610389610389611,,0.05820228989779963,0.034399842239929646,-0.00115223830510236,-0.0017912636824382044,-0.04552422538941847,0.00769462365987772
133,MSFT,2016-04-21,Q3 2016 Microsoft Corp Earnings Call,21.5,after close,0.26517408538095066,0.3240671805994017,0.1686548459951559,0.08054573471216779,0.10789473684210527,-0.023976913789813648,-0.07171035046577467,-0.06369153971555108,-0.10541420331714868,-0.07698654032718932,-0.10469715097909837,-0.05843646045377626
135,MSFT,2016-07-19,Q4 2016 Microsoft Corp Earnings Call,21.5,after close,0.28075279735098096,0.32363541916823285,0.20594296804935175,0.11655424214684619,0.09840425531914894,0.015578711970030301,0.05311732199200714,0.04248266692183855,0.06912781077003771,0.054498288656224636,0.06573745008533605,0.04561187141551892
136,MSFT,2016-10-20,Q1 2017 Microsoft Corp Earnings Call,21.5,after close,0.28086390961847274,0.34113038563887255,0.17901823696384364,0.24079603189602494,0.10086455331412104,0.00011111226749177527,0.042096012946869044,0.03912570987173747,0.049781579576766655,0.05471494495015672,0.034235739909881824,0.06922732095517647
138,MSFT,2017-01-26,Q2 2017 Microsoft Corp Earnings Call,22.5,after close,0.3014312621428804,0.3704279937965152,0.21092378473840653,0.12404961904081015,0.08396946564885496,0.020567352524407667,0.02349465071850676,0.022504477315409277,-0.017115261006625526,-0.013759049460873474,-0.003267423257314328,-0.013877164792099328
137,MSFT,2017-04-27,Q3 2017 Microsoft Corp Earnings Call,21.5,after close,0.26061230160490567,0.32958337811632427,0.18051685791422603,0.10704393541348763,0.06716417910447761,-0.040818960537974736,0.0027830698874125037,0.0030029560183665316,0.007909619430588322,0.003545234388333096,0.0027830698874125037,-0.008296560701368083
139,MSFT,2017-07-20,Q4 2017 Microsoft Corp Earnings Call,21.5,after close,0.3298293250485798,0.3609332831250289,0.28229722010076674,0.23934972725895254,0.07799442896935933,0.06921702344367414,-0.005793531949638386,-0.005441419273581993,-0.014281780325174687,-0.013059548869775561,-0.027890047988450073,-0.02011850557843442
140,MSFT,2017-10-26,Q1 2018 Microsoft Corp Earnings Call,21.5,after close,0.380083603666387,0.44427461013282565,0.2754760375729314,0.16418591818135037,0.04788732394366197,0.05025427861780718,0.06411896336630973,0.04208223711858938,0.067166311346335,0.04304316526716234,0.06767404333788263,0.0381961472990644
142,MSFT,2018-01-31,Q2 2018 Microsoft Corp Earnings Call,22.5,after close,0.3401323639473834,0.386918842937481,0.2726579860841133,0.0900412447474621,0.06963788300835655,-0.039951239719003606,-0.007893840291925969,-0.004437025044615517,-0.05683608599812606,-0.008330254373387636,-0.03971588807581583,-0.0035746769111330012
141,MSFT,2018-04-26,Q3 2018 Microsoft Corp Earnings Call,21.5,after close,0.42394080817965524,0.5623489206432012,0.263387397721942,0.26685462907260776,0.026455026455026454,0.08380844423227185,0.01655003098695218,0.01639275056806566,-0.002015681926053503,0.002273072905625839,0.038722598099719674,-0.0014941319572370215
143,MSFT,2018-07-19,Q4 2018 Microsoft Corp Earnings Call,21.5,after close,0.465187017676524,0.580452718532802,0.2642953676127252,0.18730074224165744,0.05555555555555555,0.041246209496868746,0.017911671739138324,0.018563354118993125,0.049999906655870285,0.046564847083734096,0.030363907078674535,0.03325323586650619
144,MSFT,2018-10-24,Q1 2019 Microsoft Corp Earnings Call,21.5,after close,0.4293558132390376,0.4679609975311905,0.3449069725999531,0.16724337098767628,0.049019607843137254,-0.035831204437486386,0.058444088157045604,0.028910023544145513,0.04388182212501368,0.016097791580469867,0.09421410542086384,0.02917132443299142
146,MSFT,2019-01-30,Q2 2019 Microsoft Corp Earnings Call,22.5,after close,0.3166322673062122,0.40081260992508183,0.18222667825087405,0.025303486917240946,0.08737864077669903,-0.11272354593282541,-0.018330539014046465,-0.03206561574000033,-0.003290165531327216,-0.030047448606683624,0.004042011613740293,-0.028993928738197283
145,MSFT,2019-04-24,Q3 2019 Microsoft Corp Earnings Call,21.5,after close,0.38317229563686755,0.46285299948536823,0.2655483994795571,0.267739687831356,0.05448717948717949,0.06654002833065537,0.03311741020717074,0.031059845419979748,0.02295812664998942,0.029421909157357984,0.003999738272365105,0.02358622935090471
147,MSFT,2019-07-18,Q4 2019 Microsoft Corp Earnings Call,21.5,after close,0.37065379865771175,0.4039635247671374,0.31391434994589346,0.10623399603434584,0.05642633228840126,-0.012518496979155802,0.001465990654027749,0.00886799160293783,0.02763526609545708,0.02382158401626877,0.012021528014325433,0.02373315266030629
148,MSFT,2019-10-23,Q1 2020 Microsoft Corp Earnings Call,21.5,after close,0.412367232145542,0.45050746523623314,0.33926511872171733,0.13017696801673723,0.04285714285714286,0.04171343348783024,0.019673519746720602,0.011544028013196872,0.053701490819239917,0.031017353776863432,0.049693802705902845,0.013875161755450671
150,MSFT,2020-01-29,Q2 2020 Microsoft Corp Earnings Call,22.5,after close,0.3542245618085766,0.4214086934709205,0.23930433659667247,0.07783435694383163,0.04854368932038835,-0.05814267033696541,0.028207661319213706,0.02564495279448553,0.07057854549443743,0.04540167220358238,0.09920265099076575,0.05059973768059689
149,MSFT,2020-04-29,Q3 2020 Microsoft Corp Earnings Call,21.5,after close,0.2844015998998657,0.35076378164896077,0.17509918290135615,0.16730756323565454,0.075,-0.0698229619087109,0.010032160744359864,0.012854479822610343,0.028800128971343097,0.03556650872614042,0.013075610917238967,0.01885707091150446
151,MSFT,2020-07-22,Q4 2020 Microsoft Corp Earnings Call,21.5,after close,0.3530262501507219,0.40312285766241396,0.24479867354527396,0.12957778597070324,0.07164179104477612,0.06862465025085623,-0.04349468670292578,-0.020637691348463494,-0.03631637502792151,-0.021073756566966417,0.005619847418117496,-0.02167951390049394
154,MU,2016-03-30,Q2 2016 Micron Technology Inc Earnings Call,20.5,after close,0.1873249895310612,0.2378788489822141,0.1391461436111705,0.05469869331113602,0.14432989690721648,,-0.000954198473282375,-0.001069217089038288,-0.000954198473282375,-0.011516349338824616,0.03816793893129766,0.022122502661486854
153,MU,2016-06-30,Q3 2016 Micron Technology Inc Earnings Call,20.5,after close,0.3026820334788811,0.32216590984414023,0.28374699870137576,0.0401652085489219,0.10357142857142858,0.11535704394781993,-0.0915697674418604,-0.09567905061013826,-0.08284883720930236,-0.10640812285908319,-0.04578488372093015,-0.08438340994937132
155,MU,2016-10-04,Q4 2016 Micron Technology Inc Earnings Call,20.5,after close,0.2960556224034186,0.3502003287582041,0.2411984857018596,0.10343255446909853,0.10457516339869281,-0.006626411075462524,-0.0056178654841496645,-0.010601146682299945,-0.05280887937128531,-0.04470436684388368,-0.02191005741067731,-0.013247816236633958
152,MU,2016-12-21,Q1 2017 Micron Technology Inc Earnings Call,21.5,after close,0.36908278074877193,0.5274581469040904,0.21874094765930288,0.2114802595969398,0.06691449814126393,0.07302715834535334,0.12682220602526728,0.13121050181405736,0.08211856171039855,0.0893086986096252,0.07094271137026253,0.061871978234034675
158,MU,2017-03-23,Q2 2017 Micron Technology Inc Earnings Call,20.5,after close,0.36958483627444727,0.5453425349214823,0.22445158511894106,0.08935642137151698,0.04564315352697095,0.0005020555256753378,0.07404613048908693,0.07214670079928442,0.09444654682457676,0.07783344025131944,0.0812241058263734,0.07069410944958632
157,MU,2017-06-29,Q3 2017 Micron Technology Inc Earnings Call,20.5,after close,0.4224900897657717,0.5325616793117175,0.3116797647195174,0.08027883112521433,0.06354515050167224,0.05290525349132441,-0.051159772836344874,-0.050520132201075874,-0.04035583223247008,-0.04177664645378887,0.010168478238591572,-0.01719326292500578
159,MU,2017-09-26,Q4 2017 Micron Technology Inc Earnings Call,20.5,after close,0.4559751751635949,0.521351558024419,0.3689742964334213,0.1146825857611154,0.039603960396039604,0.033485085397823244,0.08513750731421887,0.07368017580330743,0.1811000292568754,0.15734673760047713,0.22820362785254522,0.19574521945267942
156,MU,2017-12-19,Q1 2018 Micron Technology Inc Earnings Call,21.5,after close,0.4403928778754075,0.5672055566914591,0.3153538029588811,0.08411189163976078,0.03873239436619718,-0.015582297288187441,0.04024556616643937,0.040660586156721856,-0.034106412005457054,-0.030586770764609694,0.06593908594815834,0.0495602069667227
161,MU,2018-03-22,Q2 2018 Micron Technology Inc Earnings Call,20.5,after close,0.36812011920371834,0.4312558007307437,0.2791091583623383,0.06971411871792818,0.08163265306122448,-0.07227275867168914,-0.07993888594497234,-0.05565843115605473,-0.11507127002957462,-0.10066711378639537,-0.1775288417355343,-0.14242607353297565
162,MU,2018-09-20,Q4 2018 Micron Technology Inc Earnings Call,20.5,after close,0.40780191730167303,0.4538870957275365,0.3558401053852633,0.10910107319553693,0.08832807570977919,0.03968179809795469,-0.02865824948636031,-0.02351763703469756,-0.023230546608108082,-0.024942036567193626,-0.04125056358552848,-0.022725905675815783
160,MU,2018-12-18,Q1 2019 Micron Technology Inc Earnings Call,21.5,after close,0.263772610568448,0.21371235099592895,0.33203660089461023,-0.0796820672112517,0.21328671328671328,-0.14402930673322506,-0.07915569981953374,-0.05747497666462642,-0.09440052493695317,-0.060563064280583,-0.09117563496993142,-0.04394473883009764
165,MU,2019-03-20,Q2 2019 Micron Technology Inc Earnings Call,20.5,after close,0.24089625553574925,0.16423751915429244,0.33799732161892787,-0.04660085081031509,0.19281045751633988,-0.02287635503269872,0.09618741350143489,0.08195657253033928,-0.022427136246520485,-0.011353173012208728,0.09394470236868413,0.07239207823297322
164,MU,2019-06-25,Q3 2019 Micron Technology Inc Earnings Call,20.5,after close,0.21785317894036524,0.21142865595076296,0.22574998844841807,0.08740407391123368,0.17757009345794392,-0.023043076595384016,0.13341496328029367,0.13021256683356075,0.2117502447980415,0.18329398726677804,0.3127295593635251,0.2724224781565858
166,MU,2019-09-26,Q4 2019 Micron Technology Inc Earnings Call,20.5,after close,0.20169073748205935,0.18844142094617936,0.2230774295281648,-0.13301866233260148,0.21686746987951808,-0.016162441458305893,-0.11090533378211243,-0.09956999257333421,-0.10576130064861311,-0.08603684625470465,-0.10946500450473273,-0.09951807991219863
163,MU,2019-12-18,Q1 2020 Micron Technology Inc Earnings Call,21.5,after close,0.3256639825737799,0.26874306740707415,0.406301945726613,0.11809224699954352,0.14733542319749215,0.12397324509172053,0.028091967796154416,0.021354174043352936,0.03902714858546097,0.016977404388151207,0.028091967796154416,0.006225749275524661
168,MU,2020-03-25,Q2 2020 Micron Technology Inc Earnings Call,20.5,after close,0.22996529282741993,0.2473064738484781,0.20561637427045465,-0.027942495429705755,0.1794871794871795,-0.09569868974635995,0.053882376470588245,-0.002079630072021388,-0.06141178823529403,-0.05819960459887952,0.13623531764705876,0.0405457985782971
167,MU,2020-06-29,Q3 2020 Micron Technology Inc Earnings Call,20.5,after close,0.29026445369968673,0.33388301146840876,0.2414532104823073,0.0048820186202647164,0.1348314606741573,0.060299160872266805,0.04821969284965655,0.029522475095278944,-0.0012207934396420983,-0.048793418769326746,0.011393631275945948,-0.050832450226725445
170,NVDA,2016-02-17,Q4 2016 NVIDIA Corp Earnings Call,22.0,after close,0.25003222880712334,0.40668106552592553,0.20510502436746686,0.1589360854626854,0.029585798816568046,,0.08604490230106987,0.09630502664760532,0.15039748680566323,0.14851180291776944,0.19522834833329772,0.15787554294559136
171,NVDA,2016-05-12,Q1 2017 NVIDIA Corp Earnings Call,21.0,after close,0.2208590284138918,0.3926796473372447,0.16419478174767965,0.16016047512396023,0.024,-0.02917320039323154,0.15209426269236181,0.15624214803631398,0.22434618319386135,0.22958126130572265,0.2867172729123406,0.25200574990412683
169,NVDA,2016-08-11,Q2 2017 NVIDIA Corp Earnings Call,21.0,after close,0.21606259384748874,0.3573699890480687,0.18140955415252363,0.1909509039368857,0.010940919037199124,-0.004796434566403052,0.05594629077712332,0.055087474488361154,0.04020082280830284,0.03795348132329024,0.03255250995174608,0.035650916214396866
172,NVDA,2016-11-10,Q3 2017 NVIDIA Corp Earnings Call,22.0,after close,0.2171454138139476,0.3841603238858837,0.16300954641132007,0.2765101369301027,0.018229166666666668,0.00108281996645887,0.2980671192373374,0.29263207487782394,0.36328734779944916,0.33925678131850123,0.3914856540265934,0.354985860577534
174,NVDA,2017-02-09,Q4 2017 NVIDIA Corp Earnings Call,22.0,after close,0.23057295044729326,0.35809052637634203,0.17903459684263603,0.16739399871704252,0.017804154302670624,0.013427536633345644,-0.023715486372044015,-0.027031166091045056,-0.07844981410396001,-0.09589803496998939,-0.12710054020903494,-0.1498697056583519
175,NVDA,2017-05-09,Q1 2018 NVIDIA Corp Earnings Call,21.0,after close,0.1780825089136555,0.34640767048404086,0.12293160273359752,0.11005886015829755,0.02570694087403599,-0.052490441533637744,0.17825910918413945,0.17686213712459486,0.32902653657228664,0.320974980389624,0.33256571235606036,0.3296051942586482
173,NVDA,2017-08-10,Q2 2018 NVIDIA Corp Earnings Call,21.0,after close,0.260734055577077,0.3898617917451487,0.21874496654340334,0.19044551209756924,0.013192612137203167,0.0826515466634215,-0.05329613666557165,-0.05968036880377692,-0.019849491626459548,-0.020660195228939138,0.0036144720530948415,-0.005145556703349596
176,NVDA,2017-11-09,Q3 2018 Nvidia Corp Earnings Call,22.0,after close,0.2674454843565341,0.46115309679253885,0.1824429877601438,0.11015517315403982,0.008797653958944282,0.006711428779457074,0.05269817969290913,0.052566308665922046,0.03063505906206987,0.024229145735627178,0.05742602143750819,0.03681723261094927
178,NVDA,2018-02-08,Q4 2018 NVIDIA Corp Earnings Call,22.0,after close,0.24940010638116566,0.3952421482941997,0.17885050074030773,0.1486287270206958,0.019178082191780823,-0.018045377975368426,0.06693635168459511,0.05257486755855867,0.1332294144905659,0.06251100014474442,0.13131148138058757,0.0486470661824292
179,NVDA,2018-05-10,Q1 2019 NVIDIA Corp Earnings Call,21.0,after close,0.2621231824921613,0.45384082775803863,0.17944940237750795,0.04737210512202192,0.02857142857142857,0.012723076110995657,-0.021527647510233616,-0.02124535981165976,-0.04774530615087724,-0.04470680642073355,-0.04723336599796579,-0.04986132538672616
177,NVDA,2018-08-16,Q2 2019 NVIDIA Corp Earnings Call,21.5,after close,0.28390175954264935,0.38395523788192526,0.2271028417081259,0.11094086937606334,0.019498607242339833,0.021778577050488024,-0.049021082673156524,-0.05027773198358765,0.036513442784302796,0.027298076549963746,0.07971556013154868,0.04361242553662836
180,NVDA,2018-11-15,Q3 2019 NVIDIA Corp Earnings Call,22.5,after close,0.21864501927679839,0.29270777881878324,0.17700604847439216,0.024981166677883804,0.10324483775811209,-0.06525674026585096,-0.18755871176927785,-0.1860213619676474,-0.28356146431454543,-0.2394715770321778,-0.19169157682943738,-0.20154279057535263
182,NVDA,2019-02-14,Q4 2019 NVIDIA Corp Earnings Call,22.5,after close,0.21621180351880587,0.1537362854850168,0.2437745320631246,0.037504367650516575,0.09693877551020408,-0.0024332157579925184,0.01818430947767813,0.01206336348956527,0.0301561292442305,0.01661223284544766,0.013468215921039306,-0.009205950268114771
183,NVDA,2019-05-16,Q1 2020 NVIDIA Corp Earnings Call,21.5,after close,0.186974033662366,0.24088726873193286,0.16234126246678804,0.055076044578200735,0.07100591715976332,-0.02923776985643986,-0.022847828888378885,-0.012494637655242613,-0.08034204555396596,-0.04618550986977499,-0.15341385178209044,-0.09708350264725107
181,NVDA,2019-08-15,Q2 2020 NVIDIA Corp Earnings Call,21.5,after close,0.24414471901823268,0.32594541519624637,0.209666739637417,0.17789539173935298,0.03197674418604651,0.05717068535586667,0.0725282118784385,0.05587101543376782,0.15265174082937172,0.12371122145106317,0.12364940610274755,0.0970264971816055
184,NVDA,2019-11-14,Q3 2020 NVIDIA Corp Earnings Call,22.5,after close,0.20263205618701047,0.2892816148964422,0.16564748844517985,0.0358133480518258,0.05128205128205128,-0.04151266283122221,-0.02669335927919647,-0.03398318173732573,0.001858952189507379,-0.0013478372158701735,0.033890689082994196,0.011901095201493739
186,NVDA,2020-02-13,Q4 2020 NVIDIA Corp Earnings Call,22.5,after close,0.24075780532818855,0.39607863196709414,0.16278041072988084,0.0957238728564883,0.043478260869565216,0.038125749141178084,0.07020456737953018,0.0682265998260898,0.08601082870818688,0.09995031645428576,-0.0020255254144067036,0.115829002778564
187,NVDA,2020-05-21,Q1 2021 NVIDIA Corp Earnings Call,21.5,after close,0.18762802309840917,0.27665234521870113,0.1540968356918675,0.06126864692417994,0.048,-0.053129782229779376,0.028603059205711157,0.024326217555588503,0.011424135482600573,-0.010653719759805336,0.016959054565473197,-0.040036857246905866
185,NVDA,2020-08-19,Q2 2021 NVIDIA Corp Earnings Call,21.0,after close,0.22506420714754602,0.3394291109608528,0.15716004550839507,0.04740145895630121,0.04481792717086835,0.037436184049136845,0.00020596843054199176,-0.010424333424448706,0.05227175550045837,0.005745808175970479,0.1822541456075626,0.10061562789127398
