event_id,ticker,date,title,format,call_time_gmt,timing,n_sentences,mgmt_tone,remarks_tone,answers_tone,analyst_tone,mgmt_pct_negative,tone_change,ret_1d,abn_1d,ret_5d,abn_5d,ret_10d,abn_10d
1,AAPL,2016-01-26,Q1 2016 Apple Inc Earnings Call,brief,22.0,after close,221,,,0.1559733515544855,0.013258166152483491,0.1038961038961039,,-0.06570649352675828,-0.04392295800446444,-0.05510549894184891,-0.04400142884350178,-0.044850030132209784,0.020590371889904646
0,AAPL,2016-04-26,Q2 2016 Apple Inc Earnings Call,full,21.0,after close,365,0.25816116665139605,0.3256322431114379,0.18091841704886535,-0.0416290129241706,0.12218649517684887,,-0.06257785798899995,-0.05743501651803051,-0.08787733960124544,-0.06229378556987586,-0.0992928962292784,-0.08325455443047725
2,AAPL,2016-07-26,Q3 2016 Apple Inc Earnings Call,brief,21.0,after close,224,,,0.17099018124604803,-0.006617114972323179,0.09027777777777778,,0.06496298615994656,0.059139118460872275,0.08079028972632618,0.07537347852951237,0.13167935575136513,0.10909050057287817
3,AAPL,2016-10-25,Q4 2016 Apple Inc Earnings Call,brief,21.0,after close,281,,,0.2197352518661855,0.006365173539623271,0.06666666666666667,,-0.02249474263392659,-0.016224181515231195,-0.05716710727872343,-0.0325958413499684,-0.055981330620816006,-0.038963942259589435
5,AAPL,2017-01-31,Q1 2017 Apple Inc Earnings Call,brief,22.0,after close,205,,,0.2357032190139095,0.1420439208942381,0.1,,0.06098062140071403,0.056018750554878816,0.08388940908735587,0.07330483235568797,0.11747360740747181,0.0875918515742864
6,AAPL,2017-05-02,Q2 2017 Apple Inc Earnings Call,brief,21.0,after close,200,,,0.19327287866613593,0.07109318015534642,0.08163265306122448,,-0.003050396934377475,0.0006934794114337173,0.0439293301705701,0.03979180832761231,0.058312854583564055,0.04609046306836806
4,AAPL,2017-08-01,Q3 2017 Apple Inc Earnings Call,brief,21.0,after close,211,,,0.2816487180713851,0.07578215268863873,0.038461538461538464,,0.047250931970110654,0.04729651451570893,0.06684445491576141,0.06566260814842928,0.08120346488148034,0.0859072928725545
7,AAPL,2017-11-02,Q4 2017 Apple Inc Earnings Call,brief,21.0,after close,250,,,0.22718746484599836,0.16458568976897942,0.05172413793103448,,0.026113731701625564,0.018742109552369435,0.04621963647749694,0.040991017262956175,0.021444627150881024,0.009776600528392354
8,AAPL,2018-02-01,Q1 2018 Apple Inc Earnings Call,brief,22.0,after close,239,,,0.18133379420168091,0.009324174680149377,0.029069767441860465,,-0.04339009449217768,-0.023770216686759937,-0.07527712679121523,0.007137069834600163,0.035256257189352214,0.05278024077430854
10,AAPL,2018-05-01,Q2 2018 Apple Inc Earnings Call,brief,21.0,after close,196,,,0.26241269284229485,0.07855787682101915,0.05755395683453238,,0.04417527640890784,0.048354430234628376,0.10023676027444228,0.08113629282027812,0.10679474958100532,0.07581186123086625
9,AAPL,2018-07-31,Q3 2018 Apple Inc Earnings Call,brief,21.0,after close,172,,,0.2332292797802775,0.08856297802884837,0.08888888888888889,,0.0589101741741449,0.05428283168698944,0.0883913953118931,0.06077461801181783,0.10613098554944922,0.08017875054459855
11,AAPL,2018-11-01,Q4 2018 Apple Inc Earnings Call,full,21.0,after close,334,0.32891208477213085,0.4676209964119352,0.16286638032740158,-0.05532799663981705,0.053156146179401995,,-0.06633066160858525,-0.05596353726625547,-0.05851205870467946,-0.07153587385166427,-0.1356409629640064,-0.1120965911657047
13,AAPL,2019-01-29,Q1 2019 Apple Inc Earnings Call,brief,22.0,after close,200,,,0.22801635748423313,-0.12380698680256803,0.049689440993788817,,0.06833476792494197,0.04631091316922342,0.12606674625108538,0.07288310742487902,0.10953532446614078,0.05456746231812848
12,AAPL,2019-04-30,Q2 2019 Apple Inc Earnings Call,brief,21.0,after close,143,,,0.30999458242011696,0.0723613526400489,0.042105263157894736,,0.049085607471418324,0.0547369719178209,0.01091353405452189,0.02717345096678825,-0.056228996089236816,-0.011648080667939653
14,AAPL,2019-07-30,Q3 2019 Apple Inc Earnings Call,brief,21.0,after close,192,,,0.30717585614224624,0.02840407675474274,0.03496503496503497,,0.020404322360359828,0.03227222836783383,-0.05642302089878115,-0.003200749935349134,0.004713091220197585,0.03580598513897082
15,AAPL,2019-10-30,Q4 2019 Apple Inc Earnings Call,brief,21.0,after close,197,,,0.2544466230127183,0.1662695837399826,0.050359712230215826,,0.022609630668148473,0.024008973675201495,0.05746943269421978,0.044626264963016915,0.09045481361115382,0.06900496306478687
17,AAPL,2020-01-28,Q1 2020 Apple Inc Earnings Call,brief,22.0,after close,213,,,0.24448304624667952,0.17150469655171036,0.06293706293706294,,0.020932340780152936,0.020341115604692428,0.0036513198822196724,-0.01773993048177025,0.008431200733139299,-0.03140412847225105
16,AAPL,2020-04-30,Q2 2020 Apple Inc Earnings Call,brief,21.0,after close,179,,,0.17057747384116276,0.08847944173547957,0.08208955223880597,,-0.016099385183560022,0.01591569052251518,0.03383244388293738,0.023695783087211097,0.056425904897291046,0.05033224175480755
18,AAPL,2020-07-30,Q3 2020 Apple Inc Earnings Call,brief,21.0,after close,193,,,0.18535732177644967,0.11454595992451205,0.104,,0.104688587894604,0.0898167714004583,0.18414071841781499,0.13500300588526892,0.19781018929962357,0.15486547755411362
20,AMD,2016-01-19,Q4 2015 Advanced Micro Devices Inc Earnings Call,full,22.0,after close,358,0.3171892656807925,0.24111322032287716,0.35809036533558564,0.026828646013099287,0.0979020979020979,,-0.07692307692307687,-0.07574811321544495,0.06153846153846154,0.04127472773563334,0.02051282051282044,0.011578166728940298
19,AMD,2016-04-21,Q1 2016 Advanced Micro Devices Inc Earnings Call,full,21.0,after close,380,0.27518329894451726,0.22560976702846924,0.3008448919363539,0.1274398542009294,0.08139534883720931,-0.04200596673627521,0.5229007633587786,0.5309195741090021,0.3778625954198471,0.4062902584098065,0.3969465648854962,0.4432072554108183
21,AMD,2016-07-21,Q2 2016 Advanced Micro Devices Inc Earnings Call,full,21.0,after close,341,0.3628355097064277,0.36445421527023425,0.3620311839604369,0.041030260203406214,0.07053941908713693,0.08765221076191043,0.11877394636015337,0.11359839017906892,0.30651340996168597,0.290533575994516,0.23946360153256707,0.221262592489484
22,AMD,2016-10-20,Q3 2016 Advanced Micro Devices Inc Earnings Call,full,21.0,after close,272,0.3860423544000061,0.4047893475810135,0.3665743230197292,0.15094653105673692,0.08018867924528301,0.02320684469357842,-0.06321839080459779,-0.06618869387972937,0.02155172413793105,0.026485089511321114,-0.03735632183908044,-0.002364740793785791
23,AMD,2017-01-31,Q4 2016 Advanced Micro Devices Inc Earnings Call,full,22.0,after close,311,0.3364051027074938,0.27475400155041524,0.3799235270536669,0.09180007607357789,0.1206896551724138,-0.04963725169251232,0.1629701060752171,0.1580082352293819,0.2815814850530376,0.2709969083213697,0.278688524590164,0.2488067687569786
25,AMD,2017-05-01,Q1 2017 Advanced Micro Devices Inc Earnings Call,full,21.0,after close,341,0.32099290568631417,0.3219823909563605,0.32044179996628835,0.036719334816658185,0.08130081300813008,-0.01541219702117963,-0.2422907488986783,-0.24290963702976853,-0.262848751835536,-0.26466437627280515,-0.1615271659324522,-0.17105993615140758
24,AMD,2017-07-25,Q2 2017 Advanced Micro Devices Inc Earnings Call,full,21.0,after close,364,0.34399004887413,0.3385933299318494,0.3468196798871095,0.023529697357245336,0.08865248226950355,0.022997143187815816,0.04606661941885193,0.0444166197886644,-0.02834868887313957,-0.020671103656457523,-0.0708717221828491,-0.06436691000423
26,AMD,2017-10-24,Q3 2017 Advanced Micro Devices Inc Earnings Call,full,21.0,after close,342,0.42469424768492126,0.4287759790473341,0.4225472098006463,0.03034285646982682,0.056818181818181816,0.08070419881079127,-0.13473684210526315,-0.12950225780585967,-0.2287719298245614,-0.24835836819744506,-0.15438596491228063,-0.1800511010860274
28,AMD,2018-01-30,Q4 2017 Advanced Micro Devices Inc Earnings Call,full,22.0,after close,368,0.3623698684353287,0.442678167565871,0.3102650791184888,0.06466137332289101,0.09025270758122744,-0.062324379249592554,0.06759906759906764,0.06638325883979834,-0.09479409479409473,-0.05607732720075631,-0.08469308469308467,-0.03214715210685426
27,AMD,2018-04-25,Q1 2018 Advanced Micro Devices Inc Earnings Call,full,21.5,after close,380,0.36482531178499694,0.4388072772118717,0.31726547686772033,0.07788104029878239,0.05016722408026756,0.0024554433496682404,0.13697219361482982,0.12056097073108862,0.12976313079299695,0.11589059058536133,0.2306900102986611,0.1826913823129961
29,AMD,2018-07-25,Q2 2018 Advanced Micro Devices Inc Earnings Call,full,21.5,after close,358,0.44711510336237287,0.6053777854006815,0.3617599490046334,0.07941918700401272,0.040145985401459854,0.08228979157737593,0.1433022519191436,0.15339524653834813,0.1514019408973173,0.17976091495306945,0.21993777071263354,0.22547342705997764
30,AMD,2018-10-24,Q3 2018 Advanced Micro Devices Inc Earnings Call,full,21.5,after close,363,0.315985651363162,0.38768669586077487,0.2723415373211368,-0.014565938868774818,0.1274131274131274,-0.1311294519992109,-0.15445374486819907,-0.18398780948109916,-0.2009654146131894,-0.2287494451577332,-0.04168499158907457,-0.10672777257694699
32,AMD,2019-01-29,Q4 2018 Advanced Micro Devices Inc Earnings Call,full,22.5,after close,383,0.3555524626432095,0.43113021189001977,0.2909765376538463,-0.023158350535151032,0.10921501706484642,0.03956681128004752,0.19948051948051937,0.17745666472480082,0.21090903896103907,0.15772540013483272,0.18545454545454554,0.13048668330653324
31,AMD,2019-04-30,Q1 2019 Advanced Micro Devices Inc Earnings Call,full,21.5,after close,306,0.2731616895935874,0.25421070952434094,0.2879671427726862,0.04118840315212042,0.14473684210526316,-0.08239077304962211,-0.029677887429529037,-0.024026522983126464,-0.035106733083848485,-0.018846816171582126,-0.011219652957642157,0.033361262463655006
33,AMD,2019-07-30,Q2 2019 Advanced Micro Devices Inc Earnings Call,full,21.5,after close,368,0.287335157256166,0.24880063061602414,0.31203677689728254,0.027931695280130953,0.12109375,0.014173467662578598,-0.10097425748373956,-0.08910635147626556,-0.1479184572754194,-0.0946961863119874,-0.05196333191506741,-0.020870437996294178
34,AMD,2019-10-29,Q3 2019 Advanced Micro Devices Inc Earnings Call,full,21.5,after close,369,0.36391128920195753,0.4009419236871365,0.3452980073178729,0.11914688610088299,0.05985915492957746,0.07657613194579155,0.003027611354151194,-0.0002503097488850692,0.0944596758843379,0.07539081678263582,0.11141386955537014,0.08613369111978786
36,AMD,2020-01-28,Q4 2019 Advanced Micro Devices Inc Earnings Call,full,22.5,after close,390,0.3758232140837647,0.493234372115694,0.3072234363572442,0.04385359716791384,0.0851063829787234,0.011911924881807145,-0.0597664963341874,-0.06035772150964791,-0.02137340236242624,-0.042764652726416164,0.06471403254925856,0.024878703343868214
35,AMD,2020-04-28,Q1 2020 Advanced Micro Devices Inc Earnings Call,full,21.5,after close,404,0.2999072984206982,0.4064881359457527,0.24234224713711258,0.04228441768068949,0.10069444444444445,-0.07591591566306649,-0.03332729358051867,-0.0689905259628012,-0.059809027555720706,-0.08320539768200297,-0.03152585233384442,-0.07739384708831643
37,AMD,2020-07-28,Q2 2020 Advanced Micro Devices Inc Earnings Call,full,21.0,after close,386,0.40424795910337213,0.48530587778475726,0.36574544772971423,0.13496054932065718,0.07796610169491526,0.10434066068267395,0.12542515714502067,0.1118845525057286,0.2578020964679473,0.2059778874787368,0.1371098337951513,0.10050848976622917
39,AMZN,2016-01-28,Q4 2015 Amazon.com Inc Earnings Call,full,22.0,after close,373,0.3221092337248413,0.32531257072831826,0.32068184003417277,0.03635715260269477,0.08243727598566308,,-0.07609975261886215,-0.09990220027673213,-0.1559612335611389,-0.15660025893847473,-0.2070197119201591,-0.15380086287086292
38,AMZN,2016-04-28,Q1 2016 Amazon.com Inc Earnings Call,full,21.0,after close,400,0.29299208769948476,0.32630587206222117,0.28378339933905355,0.04197811589814549,0.044585987261146494,-0.029117146025356533,0.0956644966777409,0.10189308553649568,0.09483393189368772,0.11318874383722555,0.19257473920265777,0.20671747781956407
40,AMZN,2016-07-28,Q2 2016 Amazon.com Inc Earnings Call,full,21.5,after close,282,0.386415882386902,0.3684610420499336,0.3908293626931959,0.06764608212762464,0.026905829596412557,0.09342379468741724,0.008238015869534099,0.006851026389897097,0.0108423156251376,0.008656076290799897,0.024753863716012292,0.010511340508385869
41,AMZN,2016-10-27,Q3 2016 Amazon.com Inc Earnings Call,full,21.5,after close,241,0.28817611313544406,-0.05081409003053393,0.3143963498444147,0.02561871045390549,0.02564102564102564,-0.09823976925145794,-0.0513710088109941,-0.046411218794248366,-0.06272295437319075,-0.03251571535428455,-0.09284420229808776,-0.09146949927938952
43,AMZN,2017-02-02,Q4 2016 Amazon.com Inc Earnings Call,full,22.5,after close,260,0.286273873474107,-0.04080547299236059,0.3232021867848372,0.05890721072144103,0.028985507246376812,-0.0019022396613370685,-0.035418774421066335,-0.040842610328654994,-0.022132301606538896,-0.03614528522448501,0.004988395666574386,-0.026717310450558918
42,AMZN,2017-04-27,Q1 2017 Amazon.com Inc Earnings Call,full,21.5,after close,262,0.28883701265042666,0.061196515802294016,0.3166597400429762,0.10553825437091291,0.039603960396039604,0.002563139176319673,0.007197440018307022,0.00741732614926105,0.02085196094834396,0.016487575906088736,0.031838661382877165,0.020759030794096578
44,AMZN,2017-07-27,Q2 2017 Amazon.com Inc Earnings Call,full,21.5,after close,188,0.33839685098630273,-0.04590983342911516,0.3797837246925785,0.11437428736297245,0.034722222222222224,0.04955983833587607,-0.0248183766730401,-0.023641701414324312,-0.05648185181644361,-0.04992452629230815,-0.08516254015296365,-0.05925923336825589
45,AMZN,2017-10-26,Q3 2017 Amazon.com Inc Earnings Call,full,21.5,after close,220,0.3016441851865091,-0.047787905271564214,0.33241179063564763,0.0872052642417715,0.017341040462427744,-0.03675266579979364,0.13216371247816916,0.11012698623044881,0.12524292635634504,0.10111978027717239,0.16114271785938228,0.13166482182056405
47,AMZN,2018-02-01,Q4 2017 Amazon.com Inc Earnings Call,full,22.5,after close,237,0.3086899938825213,-0.030394784226599667,0.34568106058533443,0.07771335019626552,0.06557377049180328,0.007045808696012179,0.02874097194244607,0.04836084974786381,-0.028417266187050316,0.05399693043876508,0.05162590647482013,0.06914989005977645
46,AMZN,2018-04-26,Q1 2018 Amazon.com Inc Earnings Call,full,21.5,after close,217,0.3482388738256666,-0.05008721983592425,0.3849268035050237,0.026845073172201712,0.03614457831325301,0.03954887994314532,0.03600887731188318,0.03585159689299666,0.03565311101114088,0.03994186584282022,0.06002793047319388,0.019811200416237185
48,AMZN,2018-07-26,Q2 2018 Amazon.com Inc Earnings Call,full,21.5,after close,245,0.2879906018677446,-0.05248649238741824,0.3144721536431462,0.1536535852972199,0.041237113402061855,-0.060248271957921984,0.005127223451327323,0.019742305050035602,0.014563028761061858,0.02086576684025998,0.050066382743362725,0.04502324719216455
49,AMZN,2018-10-25,Q3 2018 Amazon.com Inc Earnings Call,full,21.5,after close,238,0.24411391440848323,-0.05622784001752734,0.2682793429255186,0.05148945784196258,0.0851063829787234,-0.043876687459261376,-0.07819679467129459,-0.05754595223687209,-0.06544830859024353,-0.08126066733098636,-0.015295964653752159,-0.04433807577875715
51,AMZN,2019-01-31,Q4 2018 Amazon.com Inc Earnings Call,full,22.5,after close,224,0.3357159346423307,-0.05566100337143455,0.3703949038334238,0.0537918652407825,0.05232558139534884,0.09160202023384745,-0.0538188086996656,-0.051364708934260594,-0.060719243985026705,-0.06162697534972683,-0.055901716452284145,-0.07584337275059383
50,AMZN,2019-04-25,Q1 2019 Amazon.com Inc Earnings Call,full,21.5,after close,261,0.23189316656498704,-0.045148837978818586,0.2536829871470841,-0.012139314164717993,0.08854166666666667,-0.10382276807734364,0.02543304244973066,0.02201872812781125,-0.0007517697463529371,0.009337327770031378,-0.001251152582468107,0.02437990166390369
52,AMZN,2019-07-25,Q2 2019 Amazon.com Inc Earnings Call,full,21.5,after close,237,0.35171124691535766,-0.04776589971567903,0.3834878381246447,0.009118913950279672,0.04736842105263158,0.11981808035037061,-0.015589009049359448,-0.0267159710554975,-0.060035871174644595,-0.04456954808865943,-0.07139958803516933,-0.047198712387765074
53,AMZN,2019-10-24,Q3 2019 Amazon.com Inc Earnings Call,full,21.5,after close,204,0.2563661986944051,-0.047774985166532655,0.28635194921590595,0.016477422051442165,0.08333333333333333,-0.09534504822095258,-0.010922220983645148,-0.017924629222970556,-0.0023135900745212545,-0.015331321944156207,0.004166669593754779,-0.026217621730848517
55,AMZN,2020-01-30,Q4 2019 Amazon.com Inc Earnings Call,full,22.5,after close,242,0.3033820387530834,-0.05381468636915088,0.3321220051422287,0.04953492788115033,0.06382978723404255,0.047015840058678315,0.07379130210151907,0.08970595711724372,0.09598109821937517,0.06659914651448351,0.14924522363031523,0.1048272042605145
54,AMZN,2020-04-30,Q1 2020 Amazon.com Inc Earnings Call,full,21.5,after close,259,0.17679052991809807,0.17857720489613713,0.17625237480423087,0.0267255311441976,0.09722222222222222,-0.12659150883498532,-0.07597411519805986,-0.04395903949198465,-0.043003190379951484,-0.053139851175677766,-0.034417907033144735,-0.04051157017562823
56,AMZN,2020-07-30,Q2 2020 Amazon.com Inc Earnings Call,full,21.5,after close,284,0.3069134600417665,0.3647652719336659,0.28437816122341036,0.059623023143245114,0.08786610878661087,0.13012293012366843,0.03696084162038438,0.02208902512623867,0.056725730905838434,0.007588018373292371,0.03576160962557773,-0.007183102119932228
58,ASML,2016-01-20,Q4 2015 ASML Holding NV Earnings Call,full,14.0,during market,430,0.20665816741227475,0.389496139031891,0.1392112712148163,0.04290035825802899,0.02922077922077922,,0.061503941143920215,0.06267890485155214,0.12288357268753836,0.10261983888471016,0.10196720761770495,0.0930325538338248
57,ASML,2016-04-20,Q1 2016 ASML Holding NV Earnings Call,full,13.0,before open,377,0.20881095132712113,0.30107705655042083,0.16197536491935477,0.10035908421268687,0.037037037037037035,0.0021527839148463845,-0.033283200684792735,-0.03486200308804377,-0.033483645429354225,-0.022947852845010996,-0.04218076240061075,-0.006330958803742681
59,ASML,2016-07-20,Q2 2016 ASML Holding NV Earnings Call,full,13.0,before open,355,0.22003380137749692,0.37476960219552413,0.15080989048522161,0.04335364938015118,0.04363636363636364,0.011222850050375793,0.02395162746226087,0.013316972392092286,0.02972647559573227,0.015096953481919195,0.03550139268343777,0.015375814013620648
60,ASML,2016-10-19,Q3 2016 ASML Holding NV Earnings Call,full,13.0,before open,377,0.19701390962903498,0.3154057352008616,0.15185981801559412,0.08609359619440511,0.050505050505050504,-0.023019891748461946,0.017199143290581365,0.016708984918765157,0.02159678855885616,0.014052687446526324,0.015244648969962915,0.032457181901012544
62,ASML,2017-01-18,Q4 2016 ASML Holding NV Earnings Call,full,14.0,during market,338,0.22624679597902286,0.3504960267600836,0.1516972575103864,0.05098843834612791,0.0703125,0.029232886349987885,0.06090930714769005,0.05785446929477134,0.057285838797405786,0.04605041457114667,0.0473642892422943,0.033631888624346074
61,ASML,2017-04-19,Q1 2017 ASML Holding NV Earnings Call,full,13.0,before open,416,0.20477390489095312,0.3814981683293202,0.12281482619489881,0.11533460062227946,0.0627062706270627,-0.02147289108806974,-0.02877917131528862,-0.03109725645832062,0.02747807220036469,-0.0026135450795430337,0.04347666387957738,0.0014386855735368798
63,ASML,2017-07-19,Q2 2017 ASML Holding NV Earnings Call,full,13.0,before open,408,0.24363302558073802,0.48375501915003466,0.1393695283730171,0.0339673744848021,0.039755351681957186,0.03885912068978489,0.051518171803232704,0.045098249129021495,0.06617802363867353,0.05548184669131051,0.05354263965697048,0.05060616873629553
64,ASML,2017-10-18,Q3 2017 ASML Holding NV Earnings Call,full,13.0,before open,431,0.24059330689252456,0.4518875070295275,0.1707036868472082,0.047004316287005646,0.03757225433526012,-0.0030397186882134553,-0.026142618542168483,-0.026227172850030067,0.011852158784937616,0.015661228001320304,0.025008522213303408,0.00930575915626708
66,ASML,2018-01-17,Q4 2017 ASML Holding NV Earnings Call,full,14.0,during market,408,0.2405539827938709,0.4681761142072411,0.12836108389818132,0.09364252504442007,0.06349206349206349,-3.9324098653648054e-05,0.06867684835603294,0.05835112222309835,0.10221049862566156,0.06945714127886937,0.07431051999818439,0.04956000600045174
65,ASML,2018-04-18,Q1 2018 ASML Holding NV Earnings Call,full,13.0,before open,452,0.24573579496711867,0.41705357824147,0.16007690332994304,0.10710619892925025,0.0392156862745098,0.005181812173247757,-0.029995291617665565,-0.031937324526110755,-0.08768226817051428,-0.05008492761545247,-0.09198088856842523,-0.07132468264134117
67,ASML,2018-07-18,Q2 2018 ASML Holding NV Earnings Call,full,13.0,before open,402,0.2952497590817266,0.44235691582502495,0.2372166605499667,0.1675025085747546,0.023026315789473683,0.049513964114607956,0.06636002241160566,0.06644661255788853,0.04580598827758742,0.047632834562082005,0.04727414356841719,0.07061307095200209
68,ASML,2018-10-17,Q3 2018 ASML Holding NV Earnings Call,full,13.0,before open,477,0.23798588446349647,0.4478433679248537,0.15928932816548755,0.10873936327612575,0.05278592375366569,-0.057263874618230154,0.018104769320702152,0.018469695429376265,-0.048261028453885024,-0.021061962254672384,-0.0714285397163914,-0.008144130582189657
70,ASML,2019-01-23,Q4 2018 ASML Holding NV Earnings Call,full,14.0,during market,408,0.196735795516928,0.27003331738955305,0.1577400695945462,0.017970534550390906,0.10932475884244373,-0.04125008894656848,0.016426189518699452,0.015655551388236377,0.09473351447585587,0.09360391768099707,0.13862048833389196,0.0842471766448698
69,ASML,2019-04-17,Q1 2019 ASML Holding NV Earnings Call,full,13.0,before open,422,0.1883970954888881,0.3037765779964892,0.14697881971692872,0.09787448272646333,0.06289308176100629,-0.00833870002803988,-0.0012768968527112623,-0.0007581740146960225,0.00879087909468046,-0.003931228426533595,0.025469280645696202,0.019293188567903075
71,ASML,2019-07-17,Q2 2019 ASML Holding NV Earnings Call,full,13.0,before open,415,0.1672984215456946,0.2710136895341908,0.13010096256247866,0.044854256204299385,0.06521739130434782,-0.021098673943193508,0.06180481924758796,0.06637623590510455,0.12297557491503874,0.11949736959832813,0.11385367445972672,0.10767444740751242
72,ASML,2019-10-16,Q3 2019 ASML Holding NV Earnings Call,full,13.0,before open,421,0.1945628090591238,0.2866550345883466,0.1618358198214661,0.04176036417684568,0.054878048780487805,0.02726438751342919,-0.048852544618921634,-0.04584227856240475,-0.04578761734321912,-0.04033765578948256,-0.01098911041373618,-0.026714255696030142
74,ASML,2020-01-22,Q4 2019 ASML Holding NV Earnings Call,full,14.0,during market,415,0.26741355581664245,0.3763483260492129,0.22710289194203487,0.1342283025957071,0.06752411575562701,0.07285074675751865,-0.007205066455501785,-0.008588080474001392,-0.02754692367903111,-0.016754912461157345,0.0027815606412544547,-0.007586823890969097
73,ASML,2020-04-15,Q1 2020 ASML Holding NV Earnings Call,full,13.0,before open,394,0.1135021436765602,0.2197701382988061,0.03962599768248551,0.024965669524360013,0.12933753943217666,-0.15391141214008225,-0.022289159591673435,-0.00789692325845781,-0.027134614246386746,0.0025175073615303356,0.01372521685542294,0.002922840024725426
75,ASML,2020-07-15,Q2 2020 ASML Holding NV Earnings Call,full,13.0,before open,376,0.30748989078831873,0.49257290963854256,0.18754782270660947,0.047225830467118896,0.030508474576271188,0.19398774711175854,-0.05392736108927165,-0.059829986186243245,-0.03278477037069283,-0.051069444995265,-0.051583808357708705,-0.04333767462399052
77,CSCO,2016-02-10,Q2 2016 Cisco Systems Inc Earnings Call,full,21.5,after close,394,0.30600559509573333,0.3407192125371894,0.2859261497129303,0.1329695613692618,0.052795031055900624,,0.09640134881764517,0.10031162048463538,0.17414464180810385,0.12653266157015652,0.18169699662908445,0.11198669245085835
78,CSCO,2016-05-18,Q3 2016 Cisco Systems Inc Earnings Call,full,20.5,after close,395,0.3153230437142013,0.46661220237257933,0.24074388099528254,0.08694320563952644,0.07232704402515723,0.00931744861846795,0.03181133196579755,0.03742214818136824,0.0823352801667494,0.049466305303414115,0.08832340644297898,0.03931858270641286
76,CSCO,2016-08-17,Q4 2016 Cisco Systems Inc Earnings Call,full,20.5,after close,343,0.3397924298163295,0.46249626997078574,0.23897207707795462,0.016820556990671576,0.06293706293706294,0.024469386102128232,-0.007812425017183822,-0.01000988013134263,0.01106774053749171,0.013165833485340284,0.023437570368489036,0.02639051443816276
79,CSCO,2016-11-16,Q1 2017 Cisco Systems Inc Earnings Call,full,21.5,after close,308,0.26470285714045166,0.34135030565251195,0.20919953235585628,-0.03883945914627663,0.1,-0.07508957267587785,-0.048147002037324804,-0.055586711404206235,-0.05891672148958338,-0.07517865288576009,-0.06715234320141084,-0.058942019746180185
81,CSCO,2017-02-15,Q2 2017 Cisco Systems Inc Earnings Call,full,21.5,after close,338,0.28953560457599387,0.3756375873226642,0.21749108840020842,0.0982608604381847,0.08888888888888889,0.024832747435542202,0.02376604212345379,0.024546192626943575,0.03717212840426343,0.03441072435801096,0.047836490027049594,0.040657057912690364
82,CSCO,2017-05-17,Q3 2017 Cisco Systems Inc Earnings Call,full,20.5,after close,371,0.23549019772923577,0.3852347967632372,0.14686584319890839,0.051027062191170154,0.10256410256410256,-0.0540454068467581,-0.07214651026389507,-0.07944777377882783,-0.06889389956034642,-0.0941432291648302,-0.05913632895562604,-0.09832788258335945
80,CSCO,2017-08-16,Q4 2017 Cisco Systems Inc Earnings Call,full,20.5,after close,417,0.2663740089154819,0.3973507878104491,0.17185468393973238,0.003313948074916759,0.12275449101796407,0.03088381118624614,-0.0401978012041001,-0.020781319904318418,-0.0439085211765724,-0.033396535026585794,-0.010822540951612614,-0.014478930911901
83,CSCO,2017-11-15,Q1 2018 Cisco Systems Inc Earnings Call,full,21.5,after close,318,0.32007464835731875,0.3428307410059987,0.30266394659926826,0.08423321860080416,0.06463878326996197,0.05370063944183684,0.05189077500905781,0.03890578370899189,0.0686015286827868,0.04457157690120406,0.09352077147948701,0.0685051136078112
85,CSCO,2018-02-14,Q2 2018 Cisco Systems Inc Earnings Call,full,21.5,after close,369,0.3654486331571307,0.48355084403923126,0.2913206497311315,0.1351100778473275,0.0457516339869281,0.04537398479981197,0.04727955877041823,0.031487837324936985,0.020194750763535385,0.010889982885156968,0.04062707116382214,0.03545603163554545
86,CSCO,2018-05-16,Q3 2018 Cisco Systems Inc Earnings Call,full,20.5,after close,378,0.34605836406479656,0.46338021824438425,0.2778765535206383,0.049120000698358604,0.059602649006622516,-0.019390269092334156,-0.037643925071002116,-0.03550429969527713,-0.03277235634721731,-0.03651107425931199,-0.05425161567575454,-0.06017464031046671
84,CSCO,2018-08-15,Q4 2018 Cisco Systems Inc Earnings Call,full,20.5,after close,404,0.3330744191314641,0.4901541548226569,0.23414439328749162,-0.01472901482708179,0.05309734513274336,-0.012983944933332492,0.029639656137113723,0.025471994393741815,0.0485634844166114,0.03377338865406099,0.08253522073937258,0.03937022985298344
87,CSCO,2018-11-14,Q1 2019 Cisco Systems Inc Earnings Call,full,21.5,after close,435,0.35573792931626336,0.5027219871417261,0.27301962837552674,0.09692043642437942,0.019390581717451522,0.022663510184799285,0.05504182552171066,0.03785671573291838,0.012632622219031164,0.03563306555928292,0.06789981844345383,0.04874588509957678
89,CSCO,2019-02-13,Q2 2019 Cisco Systems Inc Earnings Call,full,21.5,after close,368,0.3129625012686311,0.4550174093780528,0.2242762879185502,0.14660971154886726,0.047619047619047616,-0.042775428047632236,0.018947257829911468,0.018061816369555395,0.04021049392176246,0.034910215685320045,0.0898947378479007,0.07478096958154357
90,CSCO,2019-05-15,Q3 2019 Cisco Systems Inc Earnings Call,full,20.5,after close,401,0.261986332771815,0.478189875510194,0.1466084806373916,0.0486175250262022,0.0438871473354232,-0.05097616849681613,0.06655231450081023,0.05684911219058697,0.06197564507736297,0.0710920720051782,0.021548448045570323,0.05407527125755529
88,CSCO,2019-08-14,Q4 2019 Cisco Systems Inc Earnings Call,full,20.5,after close,370,0.27871250337129144,0.4778607558553754,0.14519265227400782,-0.023022415582090616,0.09183673469387756,0.016726170599476453,-0.08614898484164302,-0.0852074000010663,-0.03635646879191223,-0.06803538860208014,-0.07389842315462514,-0.08456739443938788
91,CSCO,2019-11-13,Q1 2020 Cisco Systems Inc Earnings Call,full,21.5,after close,323,0.24851284266675494,0.40030462628609575,0.14063566311338693,-0.12677731075524992,0.10294117647058823,-0.030199660704536502,-0.07325625787521162,-0.07289313103846329,-0.06974816221534164,-0.07500993253841626,-0.06644642387960109,-0.09274652518509596
93,CSCO,2020-02-12,Q2 2020 Cisco Systems Inc Earnings Call,full,21.5,after close,344,0.2350592546553599,0.31723882114551594,0.18816582970899967,-0.004761398981579326,0.1223021582733813,-0.01345358801139504,-0.05227323202511802,-0.05083478954169218,-0.06168645703273756,-0.06425790150714272,-0.19807732196052164,-0.07886240675941225
94,CSCO,2020-05-13,Q3 2020 Cisco Systems Inc Earnings Call,full,20.5,after close,392,0.25093251245842507,0.3141312658813574,0.20541631180667583,-0.16295920078021783,0.09939759036144578,0.01587325780306517,0.045291946177470566,0.03620379761337045,0.08319419258853777,0.025358186338944266,0.08700831798012043,0.029938407727755356
92,CSCO,2020-08-12,Q4 2020 Cisco Systems Inc Earnings Call,full,20.5,after close,379,0.27230913080478153,0.2962074801638132,0.24734524994566562,0.045424196242900755,0.1059190031152648,0.021376618346356457,-0.11185025413098759,-0.11459808430513996,-0.1295218141173311,-0.14171004504473128,-0.12162158509861054,-0.18090283234060556
96,GOOGL,2016-02-01,Q4 2015 Alphabet Inc Earnings Call,full,21.5,after close,410,0.35734869471861647,0.3138609724490186,0.4341317043508752,0.1154687779323597,0.0480225988700565,,0.013155614173991914,0.035539085493633826,-0.08642013216860722,-0.013564471588201732,-0.0689310736294596,-0.029018652907688902
95,GOOGL,2016-04-21,Q1 2016 Alphabet Inc Earnings Call,full,20.5,after close,426,0.31488386403329466,0.3172296184720235,0.3120488111226837,0.0674861609498321,0.06666666666666667,-0.04246483068532181,-0.054140999999999995,-0.0461221892497764,-0.09607692564102566,-0.0676492626510663,-0.08370509999999998,-0.037444409474677864
97,GOOGL,2016-07-28,Q2 2016 Alphabet Inc Earnings Call,full,20.5,after close,436,0.3256502560591577,0.337316236683234,0.307751765238657,0.10523750259766751,0.032432432432432434,0.010766392025863047,0.033296770997841785,0.03190978151820478,0.04101375207958413,0.03882751274524643,0.05531179294184385,0.04106926973421743
98,GOOGL,2016-10-27,Q3 2016 Alphabet Inc Earnings Call,full,20.5,after close,374,0.37737807531646833,0.40269550077084987,0.3315448050973295,0.09872177256814514,0.024539877300613498,0.051727819257310625,0.002703887031128893,0.0076636770478746286,-0.04301703680480673,-0.012809797785900523,-0.045341651787116355,-0.04396694876841811
100,GOOGL,2017-01-26,Q4 2016 Alphabet Inc Earnings Call,full,21.5,after close,432,0.36960405873055047,0.4179205850180652,0.29664286131651807,0.13225950793652186,0.016042780748663103,-0.0077740165859178645,-0.013944259234620504,-0.014934432637717987,-0.04518188394552691,-0.04182567239977486,-0.031412614796438976,-0.042022356331223976
99,GOOGL,2017-04-27,Q1 2017 Alphabet Inc Earnings Call,full,20.5,after close,465,0.3629845256294737,0.40356688196454377,0.3194430391449714,0.10129433556862955,0.017587939698492462,-0.006619533101076769,0.037108518717785755,0.03732840484873978,0.07098623447234531,0.06662184943009009,0.07229876700103466,0.06121913641225407
101,GOOGL,2017-07-24,Q2 2017 Alphabet Inc Earnings Call,full,21.0,after close,386,0.3707128896223221,0.3749604067556002,0.3654176515961687,0.15189267729161954,0.02967359050445104,0.007728363992848375,-0.029329535974455867,-0.029541656281793616,-0.05289939808856847,-0.043120611722562985,-0.05264897487283304,-0.04843109308392568
102,GOOGL,2017-10-26,Q3 2017 Alphabet Inc Earnings Call,full,20.5,after close,434,0.38335204643694915,0.42287339689461767,0.3427328806887898,0.09672928273515857,0.0136986301369863,0.012639156814627073,0.04261570446880936,0.020578978221089006,0.05199611555539918,0.027872969476226528,0.0567872233416542,0.027309327302835973
104,GOOGL,2018-02-01,Q4 2017 Alphabet Inc Earnings Call,full,21.5,after close,443,0.38556189268475716,0.45785138236481676,0.3060030688469262,0.11513263401366881,0.02127659574468085,0.0022098462478080116,-0.05280174747184674,-0.033181869666429,-0.14715760035491032,-0.06474340372909493,-0.07636319162852467,-0.05883920804356835
103,GOOGL,2018-04-23,Q1 2018 Alphabet Inc Earnings Call,full,20.5,after close,416,0.3929685214878356,0.43142326777869183,0.3473482945216646,0.10761819998151623,0.02556818181818182,0.007406628803078463,-0.047652788843915994,-0.03064383921381708,-0.051433716360818615,-0.042690053209130885,-0.013363720966968362,-0.03252735213184832
105,GOOGL,2018-07-23,Q2 2018 Alphabet Inc Earnings Call,full,20.5,after close,441,0.371506918909233,0.3965773098521255,0.3477156295450594,0.10782978911805204,0.034031413612565446,-0.021461602578602634,0.03893478447564003,0.03907506950760142,0.01572257555739065,0.042740380473681894,0.022023157720891806,0.019752008271299415
106,GOOGL,2018-10-25,Q3 2018 Alphabet Inc Earnings Call,full,20.5,after close,454,0.33830725789489946,0.36858660110189573,0.30864902942035444,0.06729323614854366,0.031088082901554404,-0.033199661014333526,-0.017977660735635892,0.0026731816987866086,-0.01595700082688134,-0.03176935956762417,-0.00811892213235288,-0.03716103325735787
108,GOOGL,2019-02-04,Q4 2018 Alphabet Inc Earnings Call,full,21.5,after close,416,0.4118418710194637,0.4279506608232936,0.3926352370225896,0.038509683884881636,0.03508771929824561,0.07353461312456422,0.009155219460996289,0.0017323216325384472,-0.034430838328610935,-0.029035816758181343,-0.013062705599377056,-0.03201190223675243
107,GOOGL,2019-04-29,Q1 2019 Alphabet Inc Earnings Call,full,20.5,after close,366,0.31450791731171435,0.35511335872157274,0.26269052566182033,0.057213888213527006,0.06229508196721312,-0.09733395370774933,-0.07501928226812593,-0.06687652539290656,-0.07926245477847582,-0.07453802851028835,-0.12313685467806346,-0.0600592347979636
109,GOOGL,2019-07-25,Q2 2019 Alphabet Inc Earnings Call,full,20.5,after close,418,0.343526816850843,0.3852810669564516,0.2964259859390284,0.1377690552153449,0.03151862464183381,0.029018899539128673,0.09620229561062676,0.08507533360448871,0.06676417058919126,0.08223049367517643,0.06184305830302694,0.0860439339504312
110,GOOGL,2019-10-28,Q3 2019 Alphabet Inc Earnings Call,full,21.0,after close,372,0.3500478619715505,0.3602013888179198,0.3383747596787859,0.08017052761611662,0.04746835443037975,0.006521045120707503,-0.02197081912785026,-0.016068743384435424,0.0004887624398945967,-0.012387779327136972,0.007215045341510962,-0.009394395111022691
112,GOOGL,2020-02-03,Q4 2019 Alphabet Inc Earnings Call,full,22.0,after close,374,0.3972252834488281,0.41882177884555877,0.36733573381975293,0.062299523196232165,0.03691275167785235,0.047177421477277603,-0.025084272630529147,-0.046065717170423515,0.01757726859696107,-0.020703107751775418,0.024848216374178778,-0.024684837697960704
111,GOOGL,2020-04-28,Q1 2020 Alphabet Inc Earnings Call,full,20.5,after close,464,0.24105737435291957,0.24790962128078237,0.23413728339606804,0.12003950174127159,0.10344827586206896,-0.15616790909590855,0.0889104171078412,0.05324718472555867,0.09445968019506013,0.07106331006877786,0.11568331069798754,0.06981531594351553
113,GOOGL,2020-07-30,Q2 2020 Alphabet Inc Earnings Call,full,20.5,after close,382,0.2804134925255764,0.27066433080849617,0.29251815640248807,0.08105916543475662,0.08682634730538923,0.03935611817265683,-0.03277497881775826,-0.04764679531190397,-0.021724321267719393,-0.07086203380026546,-0.01411882126575148,-0.057063533011261436
115,INTC,2016-01-14,Q4 2015 Intel Corp Earnings Call,full,22.0,after close,355,0.1894814618432588,0.35038026796815835,0.11546801102580502,0.07085182099410939,0.1095890410958904,,-0.09102028487918479,-0.06359231564841561,-0.08582771598768868,-0.08066632400502338,-0.052535191931362135,-0.05230771522497002
114,INTC,2016-04-19,Q1 2016 Intel Corp Earnings Call,full,21.0,after close,415,0.1938646442778297,0.19718397684538594,0.19236372868206514,0.005859666153282663,0.11976047904191617,0.0043831824345708925,0.012658070021043688,0.011079267617792654,-0.006329141881986522,0.004206650702356707,-0.03924042317680132,-0.0033906195799332517
116,INTC,2016-07-20,Q2 2016 Intel Corp Earnings Call,full,21.5,after close,425,0.2283880134404343,0.37021784185983087,0.17071447325329378,0.13927268735024817,0.11504424778761062,0.034523369162604595,-0.03978714760072921,-0.03663773818926308,-0.024096622525784372,-0.03389634104357353,-0.03307317081102967,-0.046788498052485306
117,INTC,2016-10-18,Q3 2016 Intel Corp Earnings Call,full,21.0,after close,454,0.2474975862566539,0.4585943113855809,0.15641956372118945,0.08044321475682234,0.08732394366197183,0.01910957281621961,-0.059337758697774245,-0.05982791706959045,-0.07019864844725665,-0.07774274955958649,-0.08556283609353033,-0.0683503031624807
119,INTC,2017-01-26,Q4 2016 Intel Corp Earnings Call,full,22.0,after close,452,0.27542048038790623,0.37602226983290166,0.22572079157842642,-0.0031638176047376226,0.104,0.027922894131252318,0.011182311780882248,0.010192138377784765,-0.02342908715251757,-0.020072875606765517,-0.04917073667594851,-0.05978047821073351
118,INTC,2017-04-27,Q1 2017 Intel Corp Earnings Call,full,21.0,after close,337,0.348843854121001,0.47760845369581756,0.2471875912987774,0.03936312134162738,0.10294117647058823,0.07342337373309477,-0.03419739466363614,-0.03397750853268211,-0.008171852230318799,-0.012536237272574025,-0.03939371934819069,-0.05047334993697128
120,INTC,2017-07-27,Q2 2017 Intel Corp Earnings Call,full,21.0,after close,396,0.36525476646722493,0.47129707807907834,0.26545023789136285,0.11469739792642719,0.09393939393939393,0.016410912346223938,0.009722586065306515,0.010899261324022302,0.05129887462623994,0.0578562001503754,0.04121508081086156,0.06711838759556932
121,INTC,2017-10-26,Q3 2017 Intel Corp Earnings Call,full,21.0,after close,420,0.35587810763844,0.49839928283575263,0.2263134029136104,0.15342926807583324,0.06442577030812324,-0.009376658828784912,0.07376054889974526,0.05172382265202491,0.1390568803847234,0.11493373430555076,0.12634541766767815,0.09686752162885992
123,INTC,2018-01-25,Q4 2017 Intel Corp Earnings Call,full,22.0,after close,378,0.4100530350385205,0.5225770065712669,0.26800149650781924,-0.018336070575198885,0.06896551724137931,0.05417492740008045,0.1055187521687142,0.0927528879843591,0.0518763378825855,0.055290147929520916,-0.04988896207321836,0.03565769818708109
122,INTC,2018-04-26,Q1 2018 Intel Corp Earnings Call,full,21.0,after close,407,0.3798009306649984,0.5880127883492372,0.20884803698741292,-0.047633943086886996,0.06647398843930635,-0.03025210437352205,-0.006032196159930003,-0.006189476578816522,-0.014514678014380555,-0.010225923182701213,0.04236202720927662,0.002145297152319925
124,INTC,2018-07-26,Q2 2018 Intel Corp Earnings Call,full,21.0,after close,330,0.551477920120074,0.6234141588406442,0.4735469948394563,0.040015203133225444,0.04363636363636364,0.1716769894550756,-0.08588958694398341,-0.07127450534527513,-0.051380289709169746,-0.045077551629971624,-0.032880975063888984,-0.03792411061508716
125,INTC,2018-10-25,Q3 2018 Intel Corp Earnings Call,full,21.0,after close,336,0.44831101107643145,0.5892468186997576,0.2883838534896784,0.05675535539963416,0.07973421926910298,-0.10316690904364256,0.031144181125653647,0.05179502356007615,0.08824183073375735,0.07242947199301453,0.1125772498949762,0.0835351387699712
127,INTC,2019-01-24,Q4 2018 Intel Corp Earnings Call,full,22.0,after close,356,0.34803646738527105,0.43083968696868924,0.2581976801248304,-0.05973702115384308,0.12852664576802508,-0.1002745436911604,-0.05466222665339615,-0.06758375338910116,-0.05305457204626274,-0.08249988935184827,-0.004380046698898021,-0.034759823807245405
126,INTC,2019-04-25,Q1 2019 Intel Corp Earnings Call,full,21.0,after close,315,0.12267706833336654,0.10880136524314342,0.13914741509086717,-0.03238216568918332,0.2379182156133829,-0.2253593990519045,-0.08991493225184677,-0.09332924657376618,-0.1225482254974728,-0.11245912798108848,-0.18580958119588298,-0.16017852694951118
128,INTC,2019-07-25,Q2 2019 Intel Corp Earnings Call,full,21.0,after close,354,0.3048862329244156,0.3516208252542325,0.2351612363033177,-0.07497274832179149,0.1553398058252427,0.18220916459104902,-0.01092793062001951,-0.022054892626157563,-0.05099695690304207,-0.0355306338170569,-0.0895614264786776,-0.06536055083127335
129,INTC,2019-10-24,Q3 2019 Intel Corp Earnings Call,full,21.0,after close,352,0.34553695702300274,0.4050079992096136,0.28362189940406546,0.11536784921945245,0.11409395973154363,0.040650724098587165,0.08098792102295005,0.07398551278362464,0.08232810999155338,0.06931037812191843,0.11754706948544857,0.08716277816084528
131,INTC,2020-01-23,Q4 2019 Intel Corp Earnings Call,full,22.0,after close,367,0.4125275686562348,0.5403502896399887,0.2690530859193682,-0.004769374006851153,0.07692307692307693,0.06699061163323206,0.08133290320863873,0.09064643630117952,0.049747340306726784,0.060760474696253786,0.06475663214421057,0.04671140221159842
130,INTC,2020-04-23,Q1 2020 Intel Corp Earnings Call,full,21.0,after close,362,0.4184485649487439,0.41519223392593213,0.4222552617782281,-0.038449295330792665,0.08116883116883117,0.005920996292509084,0.003726363922284648,-0.012727272853370941,0.015921449902370544,-0.030554291585018767,0.007863086955522514,-0.04922042415428063
132,INTC,2020-07-23,Q2 2020 Intel Corp Earnings Call,full,21.0,after close,328,0.32344652021723524,0.35959222973439336,0.2754497583993695,-0.0698941777756607,0.13732394366197184,-0.09500204473150864,-0.16241725369917115,-0.15302653669015376,-0.20546357405879045,-0.21754507436585757,-0.1903996230465974,-0.2522124931752612
134,MSFT,2016-01-28,Q2 2016 Microsoft Corp Earnings Call,full,22.5,after close,456,0.2891509982249276,0.3339494768854069,0.22267583634163585,0.21004537100785634,0.09610389610389611,,0.05820228989779963,0.034399842239929646,-0.00115223830510236,-0.0017912636824382044,-0.04552422538941847,0.00769462365987772
133,MSFT,2016-04-21,Q3 2016 Microsoft Corp Earnings Call,full,21.5,after close,437,0.2651740888194916,0.32406718043760413,0.1686548553342517,0.08054570847174577,0.10789473684210527,-0.02397690940543601,-0.07171035046577467,-0.06369153971555108,-0.10541420331714868,-0.07698654032718932,-0.10469715097909837,-0.05843646045377626
135,MSFT,2016-07-19,Q4 2016 Microsoft Corp Earnings Call,full,21.5,after close,428,0.2807527982228574,0.32363542015800667,0.2059429687155533,0.11655425244512466,0.09840425531914894,0.015578709403365809,0.05311732199200714,0.04248266692183855,0.06912781077003771,0.054498288656224636,0.06573745008533605,0.04561187141551892
136,MSFT,2016-10-20,Q1 2017 Microsoft Corp Earnings Call,full,21.5,after close,391,0.2808639122030942,0.34113038890918185,0.17901823838970574,0.24079608472741462,0.10086455331412104,0.00011111398023677665,0.042096012946869044,0.03912570987173747,0.049781579576766655,0.05471494495015672,0.034235739909881824,0.06922732095517647
138,MSFT,2017-01-26,Q2 2017 Microsoft Corp Earnings Call,full,22.5,after close,458,0.30143126411809,0.3704279938424549,0.21092378924436428,0.12404961849634465,0.08396946564885496,0.020567351914995813,0.02349465071850676,0.022504477315409277,-0.017115261006625526,-0.013759049460873474,-0.003267423257314328,-0.013877164792099328
137,MSFT,2017-04-27,Q3 2017 Microsoft Corp Earnings Call,full,21.5,after close,463,0.26061230453208495,0.3295833787609202,0.18051686349214727,0.10704393877235592,0.06716417910447761,-0.040818959586005066,0.0027830698874125037,0.0030029560183665316,0.007909619430588322,0.003545234388333096,0.0027830698874125037,-0.008296560701368083
139,MSFT,2017-07-20,Q4 2017 Microsoft Corp Earnings Call,full,21.5,after close,402,0.3298293099424758,0.36093326811228066,0.2822972048519993,0.23934972873174173,0.07799442896935933,0.06921700541039083,-0.005793531949638386,-0.005441419273581993,-0.014281780325174687,-0.013059548869775561,-0.027890047988450073,-0.02011850557843442
140,MSFT,2017-10-26,Q1 2018 Microsoft Corp Earnings Call,full,21.5,after close,393,0.3800836040074347,0.44427461013282565,0.2754760384697605,0.1641859016626289,0.04788732394366197,0.050254294064958904,0.06411896336630973,0.04208223711858938,0.067166311346335,0.04304316526716234,0.06767404333788263,0.0381961472990644
142,MSFT,2018-01-31,Q2 2018 Microsoft Corp Earnings Call,full,22.5,after close,413,0.34013233916745794,0.3869188009752488,0.2726579860841133,0.0900412447474621,0.06963788300835655,-0.03995126483997674,-0.007893840291925969,-0.004437025044615517,-0.05683608599812606,-0.008330254373387636,-0.03971588807581583,-0.0035746769111330012
141,MSFT,2018-04-26,Q3 2018 Microsoft Corp Earnings Call,full,21.5,after close,427,0.423940812475319,0.5623489431532219,0.2633873808889517,0.2668546235987118,0.026455026455026454,0.08380847330786106,0.01655003098695218,0.01639275056806566,-0.002015681926053503,0.002273072905625839,0.038722598099719674,-0.0014941319572370215
143,MSFT,2018-07-19,Q4 2018 Microsoft Corp Earnings Call,full,21.5,after close,342,0.46518702221672154,0.5804527269808647,0.2642953653420721,0.18730074215542386,0.05555555555555555,0.04124620974140253,0.017911671739138324,0.018563354118993125,0.049999906655870285,0.046564847083734096,0.030363907078674535,0.03325323586650619
144,MSFT,2018-10-24,Q1 2019 Microsoft Corp Earnings Call,full,21.5,after close,343,0.42935582067440053,0.4679610056070877,0.34490697863414727,0.16724336796717063,0.049019607843137254,-0.035831201542321,0.058444088157045604,0.028910023544145513,0.04388182212501368,0.016097791580469867,0.09421410542086384,0.02917132443299142
146,MSFT,2019-01-30,Q2 2019 Microsoft Corp Earnings Call,full,22.5,after close,360,0.31663224170237636,0.4008125682851594,0.18222667825087405,0.02530348450675899,0.08737864077669903,-0.11272357897202417,-0.018330539014046465,-0.03206561574000033,-0.003290165531327216,-0.030047448606683624,0.004042011613740293,-0.028993928738197283
145,MSFT,2019-04-24,Q3 2019 Microsoft Corp Earnings Call,full,21.5,after close,364,0.38317230245014894,0.46285299989344775,0.26554841574813637,0.267739687831356,0.05448717948717949,0.06654006074777258,0.03311741020717074,0.031059845419979748,0.02295812664998942,0.029421909157357984,0.003999738272365105,0.02358622935090471
147,MSFT,2019-07-18,Q4 2019 Microsoft Corp Earnings Call,full,21.5,after close,374,0.3706538148157205,0.4039635524983096,0.3139143463902933,0.10623400908979502,0.05642633228840126,-0.012518487634428421,0.001465990654027749,0.00886799160293783,0.02763526609545708,0.02382158401626877,0.012021528014325433,0.02373315266030629
148,MSFT,2019-10-23,Q1 2020 Microsoft Corp Earnings Call,full,21.5,after close,317,0.41236723939821657,0.4505074707204071,0.33926512936401804,0.1301769989769201,0.04285714285714286,0.04171342458249605,0.019673519746720602,0.011544028013196872,0.053701490819239917,0.031017353776863432,0.049693802705902845,0.013875161755450671
150,MSFT,2020-01-29,Q2 2020 Microsoft Corp Earnings Call,full,22.5,after close,347,0.35422456305034,0.42140869434970696,0.23930433845931762,0.0778343771388264,0.04854368932038835,-0.058142676347876565,0.028207661319213706,0.02564495279448553,0.07057854549443743,0.04540167220358238,0.09920265099076575,0.05059973768059689
149,MSFT,2020-04-29,Q3 2020 Microsoft Corp Earnings Call,full,21.5,after close,394,0.28440159634790485,0.3507637843265132,0.17509916908902062,0.1673075724940966,0.075,-0.06982296670243515,0.010032160744359864,0.012854479822610343,0.028800128971343097,0.03556650872614042,0.013075610917238967,0.01885707091150446
151,MSFT,2020-07-22,Q4 2020 Microsoft Corp Earnings Call,full,21.5,after close,366,0.35302622479650736,0.40312282960479634,0.24479865403143022,0.12957778314669285,0.07164179104477612,0.06862462844860251,-0.04349468670292578,-0.020637691348463494,-0.03631637502792151,-0.021073756566966417,0.005619847418117496,-0.02167951390049394
154,MU,2016-03-30,Q2 2016 Micron Technology Inc Earnings Call,full,20.5,after close,386,0.18732499019194818,0.2378788481919016,0.13914614565507977,0.05469870756527311,0.14432989690721648,,-0.000954198473282375,-0.001069217089038288,-0.000954198473282375,-0.011516349338824616,0.03816793893129766,0.022122502661486854
153,MU,2016-06-30,Q3 2016 Micron Technology Inc Earnings Call,full,20.5,after close,377,0.30268203596019055,0.32216591340071266,0.28374700013771126,0.040165208059257454,0.10357142857142858,0.11535704576824238,-0.0915697674418604,-0.09567905061013826,-0.08284883720930236,-0.10640812285908319,-0.04578488372093015,-0.08438340994937132
155,MU,2016-10-04,Q4 2016 Micron Technology Inc Earnings Call,full,20.5,after close,395,0.29605561709548867,0.3502003278934046,0.24119847589233695,0.1034325525436676,0.10457516339869281,-0.0066264188647018885,-0.0056178654841496645,-0.010601146682299945,-0.05280887937128531,-0.04470436684388368,-0.02191005741067731,-0.013247816236633958
152,MU,2016-12-21,Q1 2017 Micron Technology Inc Earnings Call,full,21.5,after close,372,0.369082782443502,0.5274581556165776,0.21874094269224914,0.2114802575353714,0.06691449814126393,0.07302716534801335,0.12682220602526728,0.13121050181405736,0.08211856171039855,0.0893086986096252,0.07094271137026253,0.061871978234034675
158,MU,2017-03-23,Q2 2017 Micron Technology Inc Earnings Call,full,20.5,after close,333,0.3695848456301815,0.5453425332809876,0.22445160355489474,0.08935643557418624,0.04564315352697095,0.0005020631866795022,0.07404613048908693,0.07214670079928442,0.09444654682457676,0.07783344025131944,0.0812241058263734,0.07069410944958632
157,MU,2017-06-29,Q3 2017 Micron Technology Inc Earnings Call,full,20.5,after close,381,0.42249008628966467,0.5325616780637453,0.31167975900032174,0.08027882860382883,0.06354515050167224,0.052905240659483155,-0.051159772836344874,-0.050520132201075874,-0.04035583223247008,-0.04177664645378887,0.010168478238591572,-0.01719326292500578
159,MU,2017-09-26,Q4 2017 Micron Technology Inc Earnings Call,full,20.5,after close,371,0.4559751873799037,0.5213515734773754,0.36897430434249917,0.11468259036294459,0.039603960396039604,0.033485101090239056,0.08513750731421887,0.07368017580330743,0.1811000292568754,0.15734673760047713,0.22820362785254522,0.19574521945267942
156,MU,2017-12-19,Q1 2018 Micron Technology Inc Earnings Call,full,21.5,after close,363,0.440392880279138,0.5672055609649748,0.3153538035189772,0.0841119006464753,0.03873239436619718,-0.015582307100765747,0.04024556616643937,0.040660586156721856,-0.034106412005457054,-0.030586770764609694,0.06593908594815834,0.0495602069667227
161,MU,2018-03-22,Q2 2018 Micron Technology Inc Earnings Call,full,20.5,after close,348,0.36812010596563316,0.4312557774828747,0.27910915923640744,0.0697141189938756,0.08163265306122448,-0.07227277431350482,-0.07993888594497234,-0.05565843115605473,-0.11507127002957462,-0.10066711378639537,-0.1775288417355343,-0.14242607353297565
162,MU,2018-09-20,Q4 2018 Micron Technology Inc Earnings Call,full,20.5,after close,383,0.4078019168227911,0.4538870970579973,0.355840102866317,0.10910107319553693,0.08832807570977919,0.03968181085715794,-0.02865824948636031,-0.02351763703469756,-0.023230546608108082,-0.024942036567193626,-0.04125056358552848,-0.022725905675815783
160,MU,2018-12-18,Q1 2019 Micron Technology Inc Earnings Call,full,21.5,after close,334,0.26377261036818106,0.21371235250015602,0.33203659837003335,-0.07968205522047356,0.21328671328671328,-0.14402930645461004,-0.07915569981953374,-0.05747497666462642,-0.09440052493695317,-0.060563064280583,-0.09117563496993142,-0.04394473883009764
165,MU,2019-03-20,Q2 2019 Micron Technology Inc Earnings Call,full,20.5,after close,357,0.2408962584895027,0.16423752949415157,0.3379973152169475,-0.04660085081031509,0.19281045751633988,-0.02287635187867837,0.09618741350143489,0.08195657253033928,-0.022427136246520485,-0.011353173012208728,0.09394470236868413,0.07239207823297322
164,MU,2019-06-25,Q3 2019 Micron Technology Inc Earnings Call,full,20.5,after close,392,0.217853189340134,0.21142864907107783,0.22575002008751552,0.0874040462076664,0.17757009345794392,-0.023043069149368683,0.13341496328029367,0.13021256683356075,0.2117502447980415,0.18329398726677804,0.3127295593635251,0.2724224781565858
166,MU,2019-09-26,Q4 2019 Micron Technology Inc Earnings Call,full,20.5,after close,374,0.20169073458149445,0.1884414165121753,0.2230774291028364,-0.1330186593168903,0.21686746987951808,-0.01616245475863956,-0.11090533378211243,-0.09956999257333421,-0.10576130064861311,-0.08603684625470465,-0.10946500450473273,-0.09951807991219863
163,MU,2019-12-18,Q1 2020 Micron Technology Inc Earnings Call,full,21.5,after close,381,0.3256639825095507,0.2687430672975068,0.406301945726613,0.11809224699954352,0.14733542319749215,0.12397324792805625,0.028091967796154416,0.021354174043352936,0.03902714858546097,0.016977404388151207,0.028091967796154416,0.006225749275524661
168,MU,2020-03-25,Q2 2020 Micron Technology Inc Earnings Call,full,20.5,after close,402,0.22996529941831814,0.247306477646457,0.2056163847829177,-0.027942490499174476,0.1794871794871795,-0.09569868309123256,0.053882376470588245,-0.002079630072021388,-0.06141178823529403,-0.05819960459887952,0.13623531764705876,0.0405457985782971
167,MU,2020-06-29,Q3 2020 Micron Technology Inc Earnings Call,full,20.5,after close,420,0.29026444763039355,0.3338830029081672,0.24145320720050395,0.0048820118681760505,0.1348314606741573,0.06029914821207541,0.04821969284965655,0.029522475095278944,-0.0012207934396420983,-0.048793418769326746,0.011393631275945948,-0.050832450226725445
170,NVDA,2016-02-17,Q4 2016 NVIDIA Corp Earnings Call,full,22.0,after close,604,0.2500322382415863,0.40668107271276877,0.2051050344465518,0.15893609486232252,0.029585798816568046,,0.08604490230106987,0.09630502664760532,0.15039748680566323,0.14851180291776944,0.19522834833329772,0.15787554294559136
171,NVDA,2016-05-12,Q1 2017 NVIDIA Corp Earnings Call,full,21.0,after close,453,0.22085903058449427,0.39267965076210837,0.1641947835046428,0.16016046515403268,0.024,-0.029173207657092054,0.15209426269236181,0.15624214803631398,0.22434618319386135,0.22958126130572265,0.2867172729123406,0.25200574990412683
169,NVDA,2016-08-11,Q2 2017 NVIDIA Corp Earnings Call,full,21.0,after close,546,0.21606259326872373,0.3573699890480687,0.18140955343182713,0.1909509027125628,0.010940919037199124,-0.004796437315770535,0.05594629077712332,0.055087474488361154,0.04020082280830284,0.03795348132329024,0.03255250995174608,0.035650916214396866
172,NVDA,2016-11-10,Q3 2017 NVIDIA Corp Earnings Call,full,22.0,after close,439,0.21714540377433877,0.3841603041150944,0.16300953952595593,0.2765101369301027,0.018229166666666668,0.0010828105056150394,0.2980671192373374,0.29263207487782394,0.36328734779944916,0.33925678131850123,0.3914856540265934,0.354985860577534
174,NVDA,2017-02-09,Q4 2017 NVIDIA Corp Earnings Call,full,22.0,after close,392,0.23057294827236488,0.35809051957864735,0.1790345965360757,0.16739404006776484,0.017804154302670624,0.013427544498026106,-0.023715486372044015,-0.027031166091045056,-0.07844981410396001,-0.09589803496998939,-0.12710054020903494,-0.1498697056583519
175,NVDA,2017-05-09,Q1 2018 NVIDIA Corp Earnings Call,full,21.0,after close,456,0.17808250461975567,0.3464076662591348,0.1229315984170922,0.11005883871007767,0.02570694087403599,-0.052490443652609214,0.17825910918413945,0.17686213712459486,0.32902653657228664,0.320974980389624,0.33256571235606036,0.3296051942586482
173,NVDA,2017-08-10,Q2 2018 NVIDIA Corp Earnings Call,full,21.0,after close,441,0.2607340555893636,0.3898618004875638,0.21874496371687188,0.19044551405034238,0.013192612137203167,0.08265155096960791,-0.05329613666557165,-0.05968036880377692,-0.019849491626459548,-0.020660195228939138,0.0036144720530948415,-0.005145556703349596
176,NVDA,2017-11-09,Q3 2018 Nvidia Corp Earnings Call,full,22.0,after close,385,0.2674454858231623,0.46115309679253885,0.18244298987035573,0.11015517118556256,0.008797653958944282,0.006711430233798721,0.05269817969290913,0.052566308665922046,0.03063505906206987,0.024229145735627178,0.05742602143750819,0.03681723261094927
178,NVDA,2018-02-08,Q4 2018 NVIDIA Corp Earnings Call,full,22.0,after close,425,0.2494001153677906,0.3952421453945777,0.17885051547678385,0.14862872009786468,0.019178082191780823,-0.01804537045537169,0.06693635168459511,0.05257486755855867,0.1332294144905659,0.06251100014474442,0.13131148138058757,0.0486470661824292
179,NVDA,2018-05-10,Q1 2019 NVIDIA Corp Earnings Call,full,21.0,after close,476,0.26212318339203666,0.45384082350285787,0.1794494055003814,0.04737210673904353,0.02857142857142857,0.012723068024246054,-0.021527647510233616,-0.02124535981165976,-0.04774530615087724,-0.04470680642073355,-0.04723336599796579,-0.04986132538672616
177,NVDA,2018-08-16,Q2 2019 NVIDIA Corp Earnings Call,full,21.5,after close,409,0.2839017712827616,0.3839552384980309,0.22710285976317643,0.1109408543072641,0.019498607242339833,0.021778587890724954,-0.049021082673156524,-0.05027773198358765,0.036513442784302796,0.027298076549963746,0.07971556013154868,0.04361242553662836
180,NVDA,2018-11-15,Q3 2019 NVIDIA Corp Earnings Call,full,22.5,after close,417,0.2186450224114269,0.29270778423877525,0.1770060503241619,0.024981167573386278,0.10324483775811209,-0.06525674887133473,-0.18755871176927785,-0.1860213619676474,-0.28356146431454543,-0.2394715770321778,-0.19169157682943738,-0.20154279057535263
182,NVDA,2019-02-14,Q4 2019 NVIDIA Corp Earnings Call,full,22.5,after close,485,0.21621180290346775,0.1537362854850168,0.24377453117631376,0.037504367650516575,0.09693877551020408,-0.0024332195079591334,0.01818430947767813,0.01206336348956527,0.0301561292442305,0.01661223284544766,0.013468215921039306,-0.009205950268114771
183,NVDA,2019-05-16,Q1 2020 NVIDIA Corp Earnings Call,full,21.5,after close,416,0.18697403504006213,0.2408872740475004,0.1623412620452843,0.05507604287077601,0.07100591715976332,-0.029237767863405623,-0.022847828888378885,-0.012494637655242613,-0.08034204555396596,-0.04618550986977499,-0.15341385178209044,-0.09708350264725107
181,NVDA,2019-08-15,Q2 2020 NVIDIA Corp Earnings Call,full,21.5,after close,398,0.2441447240498112,0.3259454336629121,0.20966673900627278,0.17789539639596585,0.03197674418604651,0.05717068900974906,0.0725282118784385,0.05587101543376782,0.15265174082937172,0.12371122145106317,0.12364940610274755,0.0970264971816055
184,NVDA,2019-11-14,Q3 2020 NVIDIA Corp Earnings Call,full,22.5,after close,407,0.202632046494357,0.2892815969174817,0.1656474822893648,0.0358133480518258,0.05128205128205128,-0.04151267755545418,-0.02669335927919647,-0.03398318173732573,0.001858952189507379,-0.0013478372158701735,0.033890689082994196,0.011901095201493739
186,NVDA,2020-02-13,Q4 2020 NVIDIA Corp Earnings Call,full,22.5,after close,431,0.2407578084663407,0.396078642976387,0.16278040991639908,0.0957238728564883,0.043478260869565216,0.038125761971983696,0.07020456737953018,0.0682265998260898,0.08601082870818688,0.09995031645428576,-0.0020255254144067036,0.115829002778564
187,NVDA,2020-05-21,Q1 2021 NVIDIA Corp Earnings Call,full,21.5,after close,709,0.18762802147567273,0.27665233857417754,0.15409683596059712,0.06126865448563227,0.048,-0.053129786990667976,0.028603059205711157,0.024326217555588503,0.011424135482600573,-0.010653719759805336,0.016959054565473197,-0.040036857246905866
185,NVDA,2020-08-19,Q2 2021 NVIDIA Corp Earnings Call,full,21.0,after close,405,0.22506420922932588,0.3394291110378795,0.15716004878049716,0.04740145895630121,0.04481792717086835,0.03743618775365315,0.00020596843054199176,-0.010424333424448706,0.05227175550045837,0.005745808175970479,0.1822541456075626,0.10061562789127398
